region_id,year,pillar3_income_score
ADILABAD_TELANGANA,2015.0,0.5
ADILABAD_TELANGANA,2016.0,0.5
ADILABAD_TELANGANA,2017.0,0.6
ADILABAD_TELANGANA,2018.0,0.55
ADILABAD_TELANGANA,2019.0,0.55
ADILABAD_TELANGANA,2020.0,0.3
ADILABAD_TELANGANA,2021.0,0.4
ADILABAD_TELANGANA,2022.0,0.5
ADILABAD_TELANGANA,2023.0,0.6
ADILABAD_TELANGANA,2024.0,0.3
AGRA_UTTAR PRADESH,2015.0,0.6
AGRA_UTTAR PRADESH,2016.0,0.6
AGRA_UTTAR PRADESH,2017.0,0.65
AGRA_UTTAR PRADESH,2018.0,0.5
AGRA_UTTAR PRADESH,2019.0,0.6
AGRA_UTTAR PRADESH,2020.0,0.6
AGRA_UTTAR PRADESH,2021.0,0.6
AGRA_UTTAR PRADESH,2022.0,0.55
AGRA_UTTAR PRADESH,2023.0,0.4
AGRA_UTTAR PRADESH,2024.0,0.45
AJMER_RAJASTHAN,2015.0,0.5
AJMER_RAJASTHAN,2016.0,0.3
AJMER_RAJASTHAN,2017.0,0.4
AJMER_RAJASTHAN,2018.0,0.4
AJMER_RAJASTHAN,2019.0,0.2
AJMER_RAJASTHAN,2020.0,0.3
AJMER_RAJASTHAN,2021.0,0.0
AJMER_RAJASTHAN,2022.0,0.4
AJMER_RAJASTHAN,2023.0,0.2
AJMER_RAJASTHAN,2024.0,0.3
ALAPPUZHA_KERALA,2015.0,0.5
ALAPPUZHA_KERALA,2016.0,0.5
ALAPPUZHA_KERALA,2017.0,0.6
ALAPPUZHA_KERALA,2018.0,0.3
ALAPPUZHA_KERALA,2019.0,0.4
ALAPPUZHA_KERALA,2020.0,0.5
ALAPPUZHA_KERALA,2021.0,0.3
ALAPPUZHA_KERALA,2022.0,0.5
ALAPPUZHA_KERALA,2023.0,0.4
ALAPPUZHA_KERALA,2024.0,0.4
ALIGARH_UTTAR PRADESH,2015.0,0.5
ALIGARH_UTTAR PRADESH,2016.0,0.7
ALIGARH_UTTAR PRADESH,2017.0,0.5
ALIGARH_UTTAR PRADESH,2018.0,0.5
ALIGARH_UTTAR PRADESH,2019.0,0.6
ALIGARH_UTTAR PRADESH,2020.0,0.6
ALIGARH_UTTAR PRADESH,2021.0,0.6
ALIGARH_UTTAR PRADESH,2022.0,0.65
ALIGARH_UTTAR PRADESH,2023.0,0.6
ALIGARH_UTTAR PRADESH,2024.0,0.55
ALIRAJPUR_MADHYA PRADESH,2015.0,0.6
ALIRAJPUR_MADHYA PRADESH,2016.0,0.55
ALIRAJPUR_MADHYA PRADESH,2017.0,0.45
ALIRAJPUR_MADHYA PRADESH,2018.0,0.3
ALIRAJPUR_MADHYA PRADESH,2019.0,0.6
ALIRAJPUR_MADHYA PRADESH,2020.0,0.4
ALIRAJPUR_MADHYA PRADESH,2021.0,0.5
ALIRAJPUR_MADHYA PRADESH,2022.0,0.55
ALIRAJPUR_MADHYA PRADESH,2023.0,0.5
ALIRAJPUR_MADHYA PRADESH,2024.0,0.45
ALWAR_RAJASTHAN,2015.0,0.6
ALWAR_RAJASTHAN,2016.0,0.65
ALWAR_RAJASTHAN,2017.0,0.65
ALWAR_RAJASTHAN,2018.0,0.6
ALWAR_RAJASTHAN,2019.0,0.7
ALWAR_RAJASTHAN,2020.0,0.55
ALWAR_RAJASTHAN,2021.0,0.6
ALWAR_RAJASTHAN,2022.0,0.55
ALWAR_RAJASTHAN,2023.0,0.65
ALWAR_RAJASTHAN,2024.0,0.6
AMBALA_HARYANA,2015.0,0.8
AMBALA_HARYANA,2016.0,0.7
AMBALA_HARYANA,2017.0,0.7
AMBALA_HARYANA,2018.0,0.45
AMBALA_HARYANA,2019.0,0.7
AMBALA_HARYANA,2020.0,0.7
AMBALA_HARYANA,2021.0,0.8
AMBALA_HARYANA,2022.0,0.7
AMBALA_HARYANA,2023.0,0.55
AMBALA_HARYANA,2024.0,0.75
AMRAVATI_MAHARASHTRA,2015.0,0.55
AMRAVATI_MAHARASHTRA,2016.0,0.5
AMRAVATI_MAHARASHTRA,2017.0,0.45
AMRAVATI_MAHARASHTRA,2018.0,0.35
AMRAVATI_MAHARASHTRA,2019.0,0.5
AMRAVATI_MAHARASHTRA,2020.0,0.5
AMRAVATI_MAHARASHTRA,2021.0,0.45
AMRAVATI_MAHARASHTRA,2022.0,0.55
AMRAVATI_MAHARASHTRA,2023.0,0.55
AMRAVATI_MAHARASHTRA,2024.0,0.6
AMRITSAR_PUNJAB,2015.0,0.85
AMRITSAR_PUNJAB,2016.0,0.6
AMRITSAR_PUNJAB,2017.0,0.5
AMRITSAR_PUNJAB,2018.0,0.6
AMRITSAR_PUNJAB,2019.0,0.7
AMRITSAR_PUNJAB,2020.0,0.7
AMRITSAR_PUNJAB,2021.0,0.6
AMRITSAR_PUNJAB,2022.0,0.6
AMRITSAR_PUNJAB,2023.0,0.5
AMRITSAR_PUNJAB,2024.0,0.7
ANANTAPUR_ANDHRA PRADESH,2015.0,0.5
ANANTAPUR_ANDHRA PRADESH,2016.0,0.4
ANANTAPUR_ANDHRA PRADESH,2017.0,0.45
ANANTAPUR_ANDHRA PRADESH,2018.0,0.5
ANANTAPUR_ANDHRA PRADESH,2019.0,0.55
ANANTAPUR_ANDHRA PRADESH,2020.0,0.4
ANANTAPUR_ANDHRA PRADESH,2021.0,0.5
ANANTAPUR_ANDHRA PRADESH,2022.0,0.3
ANANTAPUR_ANDHRA PRADESH,2023.0,0.4
ANANTAPUR_ANDHRA PRADESH,2024.0,0.3
ANUPPUR_MADHYA PRADESH,2015.0,0.45
ANUPPUR_MADHYA PRADESH,2016.0,0.5
ANUPPUR_MADHYA PRADESH,2017.0,0.3
ANUPPUR_MADHYA PRADESH,2018.0,0.3
ANUPPUR_MADHYA PRADESH,2019.0,0.4
ANUPPUR_MADHYA PRADESH,2020.0,0.3
ANUPPUR_MADHYA PRADESH,2021.0,0.4
ANUPPUR_MADHYA PRADESH,2022.0,0.5
ANUPPUR_MADHYA PRADESH,2023.0,0.4
ANUPPUR_MADHYA PRADESH,2024.0,0.4
AURAIYA_UTTAR PRADESH,2015.0,0.6
AURAIYA_UTTAR PRADESH,2016.0,0.55
AURAIYA_UTTAR PRADESH,2017.0,0.65
AURAIYA_UTTAR PRADESH,2018.0,0.5
AURAIYA_UTTAR PRADESH,2019.0,0.65
AURAIYA_UTTAR PRADESH,2020.0,0.55
AURAIYA_UTTAR PRADESH,2021.0,0.65
AURAIYA_UTTAR PRADESH,2022.0,0.6
AURAIYA_UTTAR PRADESH,2023.0,0.55
AURAIYA_UTTAR PRADESH,2024.0,0.4
AZAMGARH_UTTAR PRADESH,2015.0,0.5
AZAMGARH_UTTAR PRADESH,2016.0,0.6
AZAMGARH_UTTAR PRADESH,2017.0,0.6
AZAMGARH_UTTAR PRADESH,2018.0,0.6
AZAMGARH_UTTAR PRADESH,2019.0,0.6
AZAMGARH_UTTAR PRADESH,2020.0,0.5
AZAMGARH_UTTAR PRADESH,2021.0,0.7
AZAMGARH_UTTAR PRADESH,2022.0,0.7
AZAMGARH_UTTAR PRADESH,2023.0,0.5
AZAMGARH_UTTAR PRADESH,2024.0,0.25
BAHRAICH_UTTAR PRADESH,2015.0,0.65
BAHRAICH_UTTAR PRADESH,2016.0,0.7
BAHRAICH_UTTAR PRADESH,2017.0,0.6
BAHRAICH_UTTAR PRADESH,2018.0,0.65
BAHRAICH_UTTAR PRADESH,2019.0,0.65
BAHRAICH_UTTAR PRADESH,2020.0,0.55
BAHRAICH_UTTAR PRADESH,2021.0,0.65
BAHRAICH_UTTAR PRADESH,2022.0,0.5
BAHRAICH_UTTAR PRADESH,2023.0,0.4
BAHRAICH_UTTAR PRADESH,2024.0,0.3
BALESHWAR_ODISHA,2015.0,0.7
BALESHWAR_ODISHA,2016.0,0.6
BALESHWAR_ODISHA,2017.0,0.75
BALESHWAR_ODISHA,2018.0,0.8
BALESHWAR_ODISHA,2019.0,0.65
BALESHWAR_ODISHA,2020.0,0.65
BALESHWAR_ODISHA,2021.0,0.6
BALESHWAR_ODISHA,2022.0,0.55
BALESHWAR_ODISHA,2023.0,0.6
BALESHWAR_ODISHA,2024.0,0.9
BALLIA_UTTAR PRADESH,2015.0,0.6
BALLIA_UTTAR PRADESH,2016.0,0.6
BALLIA_UTTAR PRADESH,2017.0,0.6
BALLIA_UTTAR PRADESH,2018.0,0.6
BALLIA_UTTAR PRADESH,2019.0,0.7
BALLIA_UTTAR PRADESH,2020.0,0.65
BALLIA_UTTAR PRADESH,2021.0,0.6
BALLIA_UTTAR PRADESH,2022.0,0.65
BALLIA_UTTAR PRADESH,2023.0,0.55
BALLIA_UTTAR PRADESH,2024.0,0.6
BALRAMPUR_CHHATTISGARH,2015.0,0.3
BALRAMPUR_CHHATTISGARH,2016.0,0.4
BALRAMPUR_CHHATTISGARH,2017.0,0.1
BALRAMPUR_CHHATTISGARH,2018.0,0.4
BALRAMPUR_CHHATTISGARH,2019.0,0.3
BALRAMPUR_CHHATTISGARH,2020.0,0.1
BALRAMPUR_CHHATTISGARH,2021.0,0.4
BALRAMPUR_CHHATTISGARH,2022.0,0.3
BALRAMPUR_CHHATTISGARH,2023.0,0.3
BALRAMPUR_CHHATTISGARH,2024.0,0.4
BANDA_UTTAR PRADESH,2015.0,0.45
BANDA_UTTAR PRADESH,2016.0,0.55
BANDA_UTTAR PRADESH,2017.0,0.5
BANDA_UTTAR PRADESH,2018.0,0.7
BANDA_UTTAR PRADESH,2019.0,0.55
BANDA_UTTAR PRADESH,2020.0,0.65
BANDA_UTTAR PRADESH,2021.0,0.5
BANDA_UTTAR PRADESH,2022.0,0.6
BANDA_UTTAR PRADESH,2023.0,0.55
BANDA_UTTAR PRADESH,2024.0,0.55
BANKA_BIHAR,2015.0,0.6
BANKA_BIHAR,2016.0,0.7
BANKA_BIHAR,2017.0,0.65
BANKA_BIHAR,2018.0,0.6
BANKA_BIHAR,2019.0,0.7
BANKA_BIHAR,2020.0,0.6
BANKA_BIHAR,2021.0,0.6
BANKA_BIHAR,2022.0,0.65
BANKA_BIHAR,2023.0,0.55
BANKA_BIHAR,2024.0,0.6
BANKURA_WEST BENGAL,2015.0,0.55
BANKURA_WEST BENGAL,2016.0,0.55
BANKURA_WEST BENGAL,2017.0,0.45
BANKURA_WEST BENGAL,2018.0,0.5
BANKURA_WEST BENGAL,2019.0,0.55
BANKURA_WEST BENGAL,2020.0,0.4
BANKURA_WEST BENGAL,2021.0,0.5
BANKURA_WEST BENGAL,2022.0,0.7
BANKURA_WEST BENGAL,2023.0,0.7
BANKURA_WEST BENGAL,2024.0,0.7
BANSWARA_RAJASTHAN,2015.0,0.3
BANSWARA_RAJASTHAN,2016.0,0.4
BANSWARA_RAJASTHAN,2017.0,0.3
BANSWARA_RAJASTHAN,2018.0,0.4
BANSWARA_RAJASTHAN,2019.0,0.5
BANSWARA_RAJASTHAN,2020.0,0.2
BANSWARA_RAJASTHAN,2021.0,0.1
BANSWARA_RAJASTHAN,2022.0,0.4
BANSWARA_RAJASTHAN,2023.0,0.1
BANSWARA_RAJASTHAN,2024.0,0.5
BAREILLY_UTTAR PRADESH,2015.0,0.65
BAREILLY_UTTAR PRADESH,2016.0,0.6
BAREILLY_UTTAR PRADESH,2017.0,0.65
BAREILLY_UTTAR PRADESH,2018.0,0.5
BAREILLY_UTTAR PRADESH,2019.0,0.6
BAREILLY_UTTAR PRADESH,2020.0,0.6
BAREILLY_UTTAR PRADESH,2021.0,0.6
BAREILLY_UTTAR PRADESH,2022.0,0.6
BAREILLY_UTTAR PRADESH,2023.0,0.55
BAREILLY_UTTAR PRADESH,2024.0,0.6
BARNALA_PUNJAB,2015.0,0.55
BARNALA_PUNJAB,2016.0,0.55
BARNALA_PUNJAB,2017.0,0.45
BARNALA_PUNJAB,2018.0,0.65
BARNALA_PUNJAB,2019.0,0.6
BARNALA_PUNJAB,2020.0,0.6
BARNALA_PUNJAB,2021.0,0.65
BARNALA_PUNJAB,2022.0,0.55
BARNALA_PUNJAB,2023.0,0.4
BARNALA_PUNJAB,2024.0,0.6
BARWANI_MADHYA PRADESH,2015.0,0.55
BARWANI_MADHYA PRADESH,2016.0,0.65
BARWANI_MADHYA PRADESH,2017.0,0.6
BARWANI_MADHYA PRADESH,2018.0,0.4
BARWANI_MADHYA PRADESH,2019.0,0.5
BARWANI_MADHYA PRADESH,2020.0,0.5
BARWANI_MADHYA PRADESH,2021.0,0.4
BARWANI_MADHYA PRADESH,2022.0,0.7
BARWANI_MADHYA PRADESH,2023.0,0.6
BARWANI_MADHYA PRADESH,2024.0,0.6
BASTI_UTTAR PRADESH,2015.0,0.6
BASTI_UTTAR PRADESH,2016.0,0.5
BASTI_UTTAR PRADESH,2017.0,0.6
BASTI_UTTAR PRADESH,2018.0,0.5
BASTI_UTTAR PRADESH,2019.0,0.5
BASTI_UTTAR PRADESH,2020.0,0.55
BASTI_UTTAR PRADESH,2021.0,0.6
BASTI_UTTAR PRADESH,2022.0,0.45
BASTI_UTTAR PRADESH,2023.0,0.3
BASTI_UTTAR PRADESH,2024.0,0.5
BELAGAVI_KARNATAKA,2015.0,0.7
BELAGAVI_KARNATAKA,2016.0,0.6
BELAGAVI_KARNATAKA,2017.0,0.45
BELAGAVI_KARNATAKA,2018.0,0.6
BELAGAVI_KARNATAKA,2019.0,0.7
BELAGAVI_KARNATAKA,2020.0,0.65
BELAGAVI_KARNATAKA,2021.0,0.5
BELAGAVI_KARNATAKA,2022.0,0.55
BELAGAVI_KARNATAKA,2023.0,0.7
BELAGAVI_KARNATAKA,2024.0,0.7
BETUL_MADHYA PRADESH,2015.0,0.7
BETUL_MADHYA PRADESH,2016.0,0.65
BETUL_MADHYA PRADESH,2017.0,0.45
BETUL_MADHYA PRADESH,2018.0,0.3
BETUL_MADHYA PRADESH,2019.0,0.45
BETUL_MADHYA PRADESH,2020.0,0.4
BETUL_MADHYA PRADESH,2021.0,0.5
BETUL_MADHYA PRADESH,2022.0,0.5
BETUL_MADHYA PRADESH,2023.0,0.65
BETUL_MADHYA PRADESH,2024.0,0.6
BHANDARA_MAHARASHTRA,2015.0,0.5
BHANDARA_MAHARASHTRA,2016.0,0.5
BHANDARA_MAHARASHTRA,2017.0,0.4
BHANDARA_MAHARASHTRA,2018.0,0.55
BHANDARA_MAHARASHTRA,2019.0,0.55
BHANDARA_MAHARASHTRA,2020.0,0.65
BHANDARA_MAHARASHTRA,2021.0,0.6
BHANDARA_MAHARASHTRA,2022.0,0.65
BHANDARA_MAHARASHTRA,2023.0,0.7
BHANDARA_MAHARASHTRA,2024.0,0.5
BHARATPUR_RAJASTHAN,2015.0,0.65
BHARATPUR_RAJASTHAN,2016.0,0.6
BHARATPUR_RAJASTHAN,2017.0,0.65
BHARATPUR_RAJASTHAN,2018.0,0.5
BHARATPUR_RAJASTHAN,2019.0,0.65
BHARATPUR_RAJASTHAN,2020.0,0.6
BHARATPUR_RAJASTHAN,2021.0,0.6
BHARATPUR_RAJASTHAN,2022.0,0.55
BHARATPUR_RAJASTHAN,2023.0,0.7
BHARATPUR_RAJASTHAN,2024.0,0.7
BHARUCH_GUJARAT,2015.0,0.5
BHARUCH_GUJARAT,2016.0,0.7
BHARUCH_GUJARAT,2017.0,0.8
BHARUCH_GUJARAT,2018.0,0.6
BHARUCH_GUJARAT,2019.0,0.75
BHARUCH_GUJARAT,2020.0,0.7
BHARUCH_GUJARAT,2021.0,0.8
BHARUCH_GUJARAT,2022.0,0.7
BHARUCH_GUJARAT,2023.0,0.8
BHARUCH_GUJARAT,2024.0,0.75
BHAVNAGAR_GUJARAT,2015.0,0.8
BHAVNAGAR_GUJARAT,2016.0,0.6
BHAVNAGAR_GUJARAT,2017.0,0.55
BHAVNAGAR_GUJARAT,2018.0,0.6
BHAVNAGAR_GUJARAT,2019.0,0.6
BHAVNAGAR_GUJARAT,2020.0,0.55
BHAVNAGAR_GUJARAT,2021.0,0.6
BHAVNAGAR_GUJARAT,2022.0,0.6
BHAVNAGAR_GUJARAT,2023.0,0.7
BHAVNAGAR_GUJARAT,2024.0,0.8
BHILWARA_RAJASTHAN,2015.0,0.55
BHILWARA_RAJASTHAN,2016.0,0.3
BHILWARA_RAJASTHAN,2017.0,0.4
BHILWARA_RAJASTHAN,2018.0,0.3
BHILWARA_RAJASTHAN,2019.0,0.3
BHILWARA_RAJASTHAN,2020.0,0.3
BHILWARA_RAJASTHAN,2021.0,0.2
BHILWARA_RAJASTHAN,2022.0,0.2
BHILWARA_RAJASTHAN,2023.0,0.3
BHILWARA_RAJASTHAN,2024.0,0.3
BHIWANI_HARYANA,2015.0,0.65
BHIWANI_HARYANA,2016.0,0.55
BHIWANI_HARYANA,2017.0,0.6
BHIWANI_HARYANA,2018.0,0.65
BHIWANI_HARYANA,2019.0,0.8
BHIWANI_HARYANA,2020.0,0.6
BHIWANI_HARYANA,2021.0,0.6
BHIWANI_HARYANA,2022.0,0.75
BHIWANI_HARYANA,2023.0,0.5
BHIWANI_HARYANA,2024.0,0.6
BHOJPUR_BIHAR,2015.0,0.65
BHOJPUR_BIHAR,2016.0,0.75
BHOJPUR_BIHAR,2017.0,0.75
BHOJPUR_BIHAR,2018.0,0.8
BHOJPUR_BIHAR,2019.0,0.8
BHOJPUR_BIHAR,2020.0,0.75
BHOJPUR_BIHAR,2021.0,0.75
BHOJPUR_BIHAR,2022.0,0.55
BHOJPUR_BIHAR,2023.0,0.5
BHOJPUR_BIHAR,2024.0,0.5
BHOPAL_MADHYA PRADESH,2015.0,0.6
BHOPAL_MADHYA PRADESH,2016.0,0.5
BHOPAL_MADHYA PRADESH,2017.0,0.5
BHOPAL_MADHYA PRADESH,2018.0,0.4
BHOPAL_MADHYA PRADESH,2019.0,0.4
BHOPAL_MADHYA PRADESH,2020.0,0.3
BHOPAL_MADHYA PRADESH,2021.0,0.5
BHOPAL_MADHYA PRADESH,2022.0,0.5
BHOPAL_MADHYA PRADESH,2023.0,0.4
BHOPAL_MADHYA PRADESH,2024.0,0.5
BIJNOR_UTTAR PRADESH,2015.0,0.5
BIJNOR_UTTAR PRADESH,2016.0,0.7
BIJNOR_UTTAR PRADESH,2017.0,0.7
BIJNOR_UTTAR PRADESH,2018.0,0.6
BIJNOR_UTTAR PRADESH,2019.0,0.65
BIJNOR_UTTAR PRADESH,2020.0,0.6
BIJNOR_UTTAR PRADESH,2021.0,0.6
BIJNOR_UTTAR PRADESH,2022.0,0.55
BIJNOR_UTTAR PRADESH,2023.0,0.65
BIJNOR_UTTAR PRADESH,2024.0,0.6
BILASPUR_CHHATTISGARH,2015.0,0.5
BILASPUR_CHHATTISGARH,2016.0,0.35
BILASPUR_CHHATTISGARH,2017.0,0.4
BILASPUR_CHHATTISGARH,2018.0,0.3
BILASPUR_CHHATTISGARH,2019.0,0.4
BILASPUR_CHHATTISGARH,2020.0,0.4
BILASPUR_CHHATTISGARH,2021.0,0.2
BILASPUR_CHHATTISGARH,2022.0,0.4
BILASPUR_CHHATTISGARH,2023.0,0.5
BILASPUR_CHHATTISGARH,2024.0,0.5
BOKARO_JHARKHAND,2015.0,0.65
BOKARO_JHARKHAND,2016.0,0.7
BOKARO_JHARKHAND,2017.0,0.65
BOKARO_JHARKHAND,2018.0,0.6
BOKARO_JHARKHAND,2019.0,0.7
BOKARO_JHARKHAND,2020.0,0.7
BOKARO_JHARKHAND,2021.0,0.6
BOKARO_JHARKHAND,2022.0,0.6
BOKARO_JHARKHAND,2023.0,0.7
BOKARO_JHARKHAND,2024.0,0.5
BUDAUN_UTTAR PRADESH,2015.0,0.6
BUDAUN_UTTAR PRADESH,2016.0,0.7
BUDAUN_UTTAR PRADESH,2017.0,0.6
BUDAUN_UTTAR PRADESH,2018.0,0.6
BUDAUN_UTTAR PRADESH,2019.0,0.6
BUDAUN_UTTAR PRADESH,2020.0,0.65
BUDAUN_UTTAR PRADESH,2021.0,0.6
BUDAUN_UTTAR PRADESH,2022.0,0.6
BUDAUN_UTTAR PRADESH,2023.0,0.55
BUDAUN_UTTAR PRADESH,2024.0,0.5
BUNDI_RAJASTHAN,2015.0,0.4
BUNDI_RAJASTHAN,2016.0,0.45
BUNDI_RAJASTHAN,2017.0,0.45
BUNDI_RAJASTHAN,2018.0,0.35
BUNDI_RAJASTHAN,2019.0,0.4
BUNDI_RAJASTHAN,2020.0,0.3
BUNDI_RAJASTHAN,2021.0,0.5
BUNDI_RAJASTHAN,2022.0,0.5
BUNDI_RAJASTHAN,2023.0,0.65
BUNDI_RAJASTHAN,2024.0,0.6
BURHANPUR_MADHYA PRADESH,2015.0,0.6
BURHANPUR_MADHYA PRADESH,2016.0,0.6
BURHANPUR_MADHYA PRADESH,2017.0,0.55
BURHANPUR_MADHYA PRADESH,2018.0,0.6
BURHANPUR_MADHYA PRADESH,2019.0,0.6
BURHANPUR_MADHYA PRADESH,2020.0,0.5
BURHANPUR_MADHYA PRADESH,2021.0,0.6
BURHANPUR_MADHYA PRADESH,2022.0,0.55
BURHANPUR_MADHYA PRADESH,2023.0,0.55
BURHANPUR_MADHYA PRADESH,2024.0,0.65
BUXAR_BIHAR,2015.0,0.65
BUXAR_BIHAR,2016.0,0.6
BUXAR_BIHAR,2017.0,0.7
BUXAR_BIHAR,2018.0,0.65
BUXAR_BIHAR,2019.0,0.65
BUXAR_BIHAR,2020.0,0.7
BUXAR_BIHAR,2021.0,0.8
BUXAR_BIHAR,2022.0,0.65
BUXAR_BIHAR,2023.0,0.45
BUXAR_BIHAR,2024.0,0.4
CHANDRAPUR_MAHARASHTRA,2015.0,0.65
CHANDRAPUR_MAHARASHTRA,2016.0,0.6
CHANDRAPUR_MAHARASHTRA,2017.0,0.45
CHANDRAPUR_MAHARASHTRA,2018.0,0.5
CHANDRAPUR_MAHARASHTRA,2019.0,0.6
CHANDRAPUR_MAHARASHTRA,2020.0,0.7
CHANDRAPUR_MAHARASHTRA,2021.0,0.65
CHANDRAPUR_MAHARASHTRA,2022.0,0.55
CHANDRAPUR_MAHARASHTRA,2023.0,0.6
CHANDRAPUR_MAHARASHTRA,2024.0,0.6
CHATRA_JHARKHAND,2015.0,0.55
CHATRA_JHARKHAND,2016.0,0.35
CHATRA_JHARKHAND,2017.0,0.55
CHATRA_JHARKHAND,2018.0,0.7
CHATRA_JHARKHAND,2019.0,0.65
CHATRA_JHARKHAND,2020.0,0.7
CHATRA_JHARKHAND,2021.0,0.65
CHATRA_JHARKHAND,2022.0,0.5
CHATRA_JHARKHAND,2023.0,0.55
CHATRA_JHARKHAND,2024.0,0.45
CHHINDWARA_MADHYA PRADESH,2015.0,0.55
CHHINDWARA_MADHYA PRADESH,2016.0,0.55
CHHINDWARA_MADHYA PRADESH,2017.0,0.35
CHHINDWARA_MADHYA PRADESH,2018.0,0.3
CHHINDWARA_MADHYA PRADESH,2019.0,0.5
CHHINDWARA_MADHYA PRADESH,2020.0,0.3
CHHINDWARA_MADHYA PRADESH,2021.0,0.1
CHHINDWARA_MADHYA PRADESH,2022.0,0.4
CHHINDWARA_MADHYA PRADESH,2023.0,0.5
CHHINDWARA_MADHYA PRADESH,2024.0,0.4
CHITRADURGA_KARNATAKA,2015.0,0.65
CHITRADURGA_KARNATAKA,2016.0,0.5
CHITRADURGA_KARNATAKA,2017.0,0.45
CHITRADURGA_KARNATAKA,2018.0,0.45
CHITRADURGA_KARNATAKA,2019.0,0.5
CHITRADURGA_KARNATAKA,2020.0,0.45
CHITRADURGA_KARNATAKA,2021.0,0.65
CHITRADURGA_KARNATAKA,2022.0,0.55
CHITRADURGA_KARNATAKA,2023.0,0.5
CHITRADURGA_KARNATAKA,2024.0,0.5
CHITRAKOOT_UTTAR PRADESH,2015.0,0.65
CHITRAKOOT_UTTAR PRADESH,2016.0,0.65
CHITRAKOOT_UTTAR PRADESH,2017.0,0.45
CHITRAKOOT_UTTAR PRADESH,2018.0,0.55
CHITRAKOOT_UTTAR PRADESH,2019.0,0.45
CHITRAKOOT_UTTAR PRADESH,2020.0,0.5
CHITRAKOOT_UTTAR PRADESH,2021.0,0.45
CHITRAKOOT_UTTAR PRADESH,2022.0,0.6
CHITRAKOOT_UTTAR PRADESH,2023.0,0.7
CHITRAKOOT_UTTAR PRADESH,2024.0,0.65
CHITTOOR_ANDHRA PRADESH,2015.0,0.6
CHITTOOR_ANDHRA PRADESH,2016.0,0.6
CHITTOOR_ANDHRA PRADESH,2017.0,0.5
CHITTOOR_ANDHRA PRADESH,2018.0,0.55
CHITTOOR_ANDHRA PRADESH,2019.0,0.6
CHITTOOR_ANDHRA PRADESH,2020.0,0.5
CHITTOOR_ANDHRA PRADESH,2021.0,0.5
CHITTOOR_ANDHRA PRADESH,2022.0,0.3
CHITTOOR_ANDHRA PRADESH,2023.0,0.4
CHITTOOR_ANDHRA PRADESH,2024.0,0.4
COIMBATORE_TAMIL NADU,2015.0,0.55
COIMBATORE_TAMIL NADU,2016.0,0.5
COIMBATORE_TAMIL NADU,2017.0,0.55
COIMBATORE_TAMIL NADU,2018.0,0.65
COIMBATORE_TAMIL NADU,2019.0,0.55
COIMBATORE_TAMIL NADU,2020.0,0.5
COIMBATORE_TAMIL NADU,2021.0,0.45
COIMBATORE_TAMIL NADU,2022.0,0.65
COIMBATORE_TAMIL NADU,2023.0,0.3
COIMBATORE_TAMIL NADU,2024.0,0.5
CUDDALORE_TAMIL NADU,2015.0,0.5
CUDDALORE_TAMIL NADU,2016.0,0.4
CUDDALORE_TAMIL NADU,2017.0,0.55
CUDDALORE_TAMIL NADU,2018.0,0.5
CUDDALORE_TAMIL NADU,2019.0,0.65
CUDDALORE_TAMIL NADU,2020.0,0.55
CUDDALORE_TAMIL NADU,2021.0,0.45
CUDDALORE_TAMIL NADU,2022.0,0.3
CUDDALORE_TAMIL NADU,2023.0,0.4
CUDDALORE_TAMIL NADU,2024.0,0.3
CUTTACK_ODISHA,2015.0,0.75
CUTTACK_ODISHA,2016.0,0.7
CUTTACK_ODISHA,2017.0,0.7
CUTTACK_ODISHA,2018.0,0.65
CUTTACK_ODISHA,2019.0,0.6
CUTTACK_ODISHA,2020.0,0.6
CUTTACK_ODISHA,2021.0,0.6
CUTTACK_ODISHA,2022.0,0.6
CUTTACK_ODISHA,2023.0,0.6
CUTTACK_ODISHA,2024.0,0.8
DAMOH_MADHYA PRADESH,2015.0,0.6
DAMOH_MADHYA PRADESH,2016.0,0.55
DAMOH_MADHYA PRADESH,2017.0,0.35
DAMOH_MADHYA PRADESH,2018.0,0.5
DAMOH_MADHYA PRADESH,2019.0,0.5
DAMOH_MADHYA PRADESH,2020.0,0.5
DAMOH_MADHYA PRADESH,2021.0,0.6
DAMOH_MADHYA PRADESH,2022.0,0.6
DAMOH_MADHYA PRADESH,2023.0,0.5
DAMOH_MADHYA PRADESH,2024.0,0.55
DAUSA_RAJASTHAN,2015.0,0.5
DAUSA_RAJASTHAN,2016.0,0.6
DAUSA_RAJASTHAN,2017.0,0.55
DAUSA_RAJASTHAN,2018.0,0.6
DAUSA_RAJASTHAN,2019.0,0.65
DAUSA_RAJASTHAN,2020.0,0.6
DAUSA_RAJASTHAN,2021.0,0.55
DAUSA_RAJASTHAN,2022.0,0.65
DAUSA_RAJASTHAN,2023.0,0.7
DAUSA_RAJASTHAN,2024.0,0.6
DEHRADUN_UTTARAKHAND,2015.0,0.6
DEHRADUN_UTTARAKHAND,2016.0,0.3
DEHRADUN_UTTARAKHAND,2017.0,0.55
DEHRADUN_UTTARAKHAND,2018.0,0.4
DEHRADUN_UTTARAKHAND,2019.0,0.55
DEHRADUN_UTTARAKHAND,2020.0,0.6
DEHRADUN_UTTARAKHAND,2021.0,0.45
DEHRADUN_UTTARAKHAND,2022.0,0.55
DEHRADUN_UTTARAKHAND,2023.0,0.4
DEHRADUN_UTTARAKHAND,2024.0,0.5
DEOGARH_ODISHA,2015.0,0.6
DEOGARH_ODISHA,2016.0,0.6
DEOGARH_ODISHA,2017.0,0.45
DEOGARH_ODISHA,2018.0,0.55
DEOGARH_ODISHA,2019.0,0.6
DEOGARH_ODISHA,2020.0,0.4
DEOGARH_ODISHA,2021.0,0.5
DEOGARH_ODISHA,2022.0,0.45
DEOGARH_ODISHA,2023.0,0.4
DEOGARH_ODISHA,2024.0,0.5
DEORIA_UTTAR PRADESH,2015.0,0.5
DEORIA_UTTAR PRADESH,2016.0,0.7
DEORIA_UTTAR PRADESH,2017.0,0.7
DEORIA_UTTAR PRADESH,2018.0,0.6
DEORIA_UTTAR PRADESH,2019.0,0.6
DEORIA_UTTAR PRADESH,2020.0,0.65
DEORIA_UTTAR PRADESH,2021.0,0.6
DEORIA_UTTAR PRADESH,2022.0,0.6
DEORIA_UTTAR PRADESH,2023.0,0.4
DEORIA_UTTAR PRADESH,2024.0,0.7
DEWAS_MADHYA PRADESH,2015.0,0.55
DEWAS_MADHYA PRADESH,2016.0,0.5
DEWAS_MADHYA PRADESH,2017.0,0.4
DEWAS_MADHYA PRADESH,2018.0,0.3
DEWAS_MADHYA PRADESH,2019.0,0.45
DEWAS_MADHYA PRADESH,2020.0,0.5
DEWAS_MADHYA PRADESH,2021.0,0.3
DEWAS_MADHYA PRADESH,2022.0,0.5
DEWAS_MADHYA PRADESH,2023.0,0.6
DEWAS_MADHYA PRADESH,2024.0,0.6
DHAMTARI_CHHATTISGARH,2015.0,0.4
DHAMTARI_CHHATTISGARH,2016.0,0.5
DHAMTARI_CHHATTISGARH,2017.0,0.2
DHAMTARI_CHHATTISGARH,2018.0,0.2
DHAMTARI_CHHATTISGARH,2019.0,0.2
DHAMTARI_CHHATTISGARH,2020.0,0.3
DHAMTARI_CHHATTISGARH,2021.0,0.4
DHAMTARI_CHHATTISGARH,2022.0,0.5
DHAMTARI_CHHATTISGARH,2023.0,0.45
DHAMTARI_CHHATTISGARH,2024.0,0.45
DHANBAD_JHARKHAND,2015.0,0.5
DHANBAD_JHARKHAND,2016.0,0.5
DHANBAD_JHARKHAND,2017.0,0.6
DHANBAD_JHARKHAND,2018.0,0.6
DHANBAD_JHARKHAND,2019.0,0.65
DHANBAD_JHARKHAND,2020.0,0.6
DHANBAD_JHARKHAND,2021.0,0.7
DHANBAD_JHARKHAND,2022.0,0.6
DHANBAD_JHARKHAND,2023.0,0.65
DHANBAD_JHARKHAND,2024.0,0.5
DHARMAPURI_TAMIL NADU,2015.0,0.4
DHARMAPURI_TAMIL NADU,2016.0,0.3
DHARMAPURI_TAMIL NADU,2017.0,0.7
DHARMAPURI_TAMIL NADU,2018.0,0.5
DHARMAPURI_TAMIL NADU,2019.0,0.65
DHARMAPURI_TAMIL NADU,2020.0,0.4
DHARMAPURI_TAMIL NADU,2021.0,0.6
DHARMAPURI_TAMIL NADU,2022.0,0.55
DHARMAPURI_TAMIL NADU,2023.0,0.4
DHARMAPURI_TAMIL NADU,2024.0,0.5
DHAR_MADHYA PRADESH,2015.0,0.55
DHAR_MADHYA PRADESH,2016.0,0.65
DHAR_MADHYA PRADESH,2017.0,0.45
DHAR_MADHYA PRADESH,2018.0,0.35
DHAR_MADHYA PRADESH,2019.0,0.65
DHAR_MADHYA PRADESH,2020.0,0.3
DHAR_MADHYA PRADESH,2021.0,0.2
DHAR_MADHYA PRADESH,2022.0,0.5
DHAR_MADHYA PRADESH,2023.0,0.6
DHAR_MADHYA PRADESH,2024.0,0.5
DHULE_MAHARASHTRA,2015.0,0.5
DHULE_MAHARASHTRA,2016.0,0.6
DHULE_MAHARASHTRA,2017.0,0.65
DHULE_MAHARASHTRA,2018.0,0.55
DHULE_MAHARASHTRA,2019.0,0.8
DHULE_MAHARASHTRA,2020.0,0.8
DHULE_MAHARASHTRA,2021.0,0.8
DHULE_MAHARASHTRA,2022.0,0.8
DHULE_MAHARASHTRA,2023.0,0.75
DHULE_MAHARASHTRA,2024.0,0.7
DINDIGUL_TAMIL NADU,2015.0,0.4
DINDIGUL_TAMIL NADU,2016.0,0.4
DINDIGUL_TAMIL NADU,2017.0,0.5
DINDIGUL_TAMIL NADU,2018.0,0.2
DINDIGUL_TAMIL NADU,2019.0,0.2
DINDIGUL_TAMIL NADU,2020.0,0.2
DINDIGUL_TAMIL NADU,2021.0,0.3
DINDIGUL_TAMIL NADU,2022.0,0.3
DINDIGUL_TAMIL NADU,2023.0,0.3
DINDIGUL_TAMIL NADU,2024.0,0.5
DUMKA_JHARKHAND,2015.0,0.45
DUMKA_JHARKHAND,2016.0,0.55
DUMKA_JHARKHAND,2017.0,0.65
DUMKA_JHARKHAND,2018.0,0.7
DUMKA_JHARKHAND,2019.0,0.65
DUMKA_JHARKHAND,2020.0,0.65
DUMKA_JHARKHAND,2021.0,0.6
DUMKA_JHARKHAND,2022.0,0.55
DUMKA_JHARKHAND,2023.0,0.65
DUMKA_JHARKHAND,2024.0,0.65
DURG_CHHATTISGARH,2015.0,0.35
DURG_CHHATTISGARH,2016.0,0.6
DURG_CHHATTISGARH,2017.0,0.4
DURG_CHHATTISGARH,2018.0,0.4
DURG_CHHATTISGARH,2019.0,0.5
DURG_CHHATTISGARH,2020.0,0.2
DURG_CHHATTISGARH,2021.0,0.3
DURG_CHHATTISGARH,2022.0,0.3
DURG_CHHATTISGARH,2023.0,0.4
DURG_CHHATTISGARH,2024.0,0.4
ERNAKULAM_KERALA,2015.0,0.5
ERNAKULAM_KERALA,2016.0,0.6
ERNAKULAM_KERALA,2017.0,0.6
ERNAKULAM_KERALA,2018.0,0.55
ERNAKULAM_KERALA,2019.0,0.65
ERNAKULAM_KERALA,2020.0,0.5
ERNAKULAM_KERALA,2021.0,0.5
ERNAKULAM_KERALA,2022.0,0.55
ERNAKULAM_KERALA,2023.0,0.5
ERNAKULAM_KERALA,2024.0,0.6
ERODE_TAMIL NADU,2015.0,0.5
ERODE_TAMIL NADU,2016.0,0.3
ERODE_TAMIL NADU,2017.0,0.5
ERODE_TAMIL NADU,2018.0,0.5
ERODE_TAMIL NADU,2019.0,0.5
ERODE_TAMIL NADU,2020.0,0.4
ERODE_TAMIL NADU,2021.0,0.4
ERODE_TAMIL NADU,2022.0,0.5
ERODE_TAMIL NADU,2023.0,0.3
ERODE_TAMIL NADU,2024.0,0.3
ETAH_UTTAR PRADESH,2015.0,0.5
ETAH_UTTAR PRADESH,2016.0,0.7
ETAH_UTTAR PRADESH,2017.0,0.6
ETAH_UTTAR PRADESH,2018.0,0.6
ETAH_UTTAR PRADESH,2019.0,0.6
ETAH_UTTAR PRADESH,2020.0,0.6
ETAH_UTTAR PRADESH,2021.0,0.55
ETAH_UTTAR PRADESH,2022.0,0.6
ETAH_UTTAR PRADESH,2023.0,0.45
ETAH_UTTAR PRADESH,2024.0,0.5
ETAWAH_UTTAR PRADESH,2015.0,0.6
ETAWAH_UTTAR PRADESH,2016.0,0.7
ETAWAH_UTTAR PRADESH,2017.0,0.7
ETAWAH_UTTAR PRADESH,2018.0,0.45
ETAWAH_UTTAR PRADESH,2019.0,0.6
ETAWAH_UTTAR PRADESH,2020.0,0.5
ETAWAH_UTTAR PRADESH,2021.0,0.5
ETAWAH_UTTAR PRADESH,2022.0,0.55
ETAWAH_UTTAR PRADESH,2023.0,0.6
ETAWAH_UTTAR PRADESH,2024.0,0.6
FARIDABAD_HARYANA,2015.0,0.7
FARIDABAD_HARYANA,2016.0,0.55
FARIDABAD_HARYANA,2017.0,0.7
FARIDABAD_HARYANA,2018.0,0.7
FARIDABAD_HARYANA,2019.0,0.6
FARIDABAD_HARYANA,2020.0,0.55
FARIDABAD_HARYANA,2021.0,0.65
FARIDABAD_HARYANA,2022.0,0.8
FARIDABAD_HARYANA,2023.0,0.5
FARIDABAD_HARYANA,2024.0,0.75
FARRUKHABAD_UTTAR PRADESH,2015.0,0.65
FARRUKHABAD_UTTAR PRADESH,2016.0,0.7
FARRUKHABAD_UTTAR PRADESH,2017.0,0.6
FARRUKHABAD_UTTAR PRADESH,2018.0,0.65
FARRUKHABAD_UTTAR PRADESH,2019.0,0.5
FARRUKHABAD_UTTAR PRADESH,2020.0,0.6
FARRUKHABAD_UTTAR PRADESH,2021.0,0.6
FARRUKHABAD_UTTAR PRADESH,2022.0,0.45
FARRUKHABAD_UTTAR PRADESH,2023.0,0.5
FARRUKHABAD_UTTAR PRADESH,2024.0,0.7
FATEHABAD_HARYANA,2015.0,0.6
FATEHABAD_HARYANA,2016.0,0.35
FATEHABAD_HARYANA,2017.0,0.45
FATEHABAD_HARYANA,2018.0,0.45
FATEHABAD_HARYANA,2019.0,0.5
FATEHABAD_HARYANA,2020.0,0.5
FATEHABAD_HARYANA,2021.0,0.4
FATEHABAD_HARYANA,2022.0,0.5
FATEHABAD_HARYANA,2023.0,0.4
FATEHABAD_HARYANA,2024.0,0.4
FATEHPUR_UTTAR PRADESH,2015.0,0.45
FATEHPUR_UTTAR PRADESH,2016.0,0.7
FATEHPUR_UTTAR PRADESH,2017.0,0.5
FATEHPUR_UTTAR PRADESH,2018.0,0.6
FATEHPUR_UTTAR PRADESH,2019.0,0.6
FATEHPUR_UTTAR PRADESH,2020.0,0.6
FATEHPUR_UTTAR PRADESH,2021.0,0.6
FATEHPUR_UTTAR PRADESH,2022.0,0.6
FATEHPUR_UTTAR PRADESH,2023.0,0.55
FATEHPUR_UTTAR PRADESH,2024.0,0.6
FIROZABAD_UTTAR PRADESH,2015.0,0.6
FIROZABAD_UTTAR PRADESH,2016.0,0.65
FIROZABAD_UTTAR PRADESH,2017.0,0.6
FIROZABAD_UTTAR PRADESH,2018.0,0.5
FIROZABAD_UTTAR PRADESH,2019.0,0.6
FIROZABAD_UTTAR PRADESH,2020.0,0.6
FIROZABAD_UTTAR PRADESH,2021.0,0.6
FIROZABAD_UTTAR PRADESH,2022.0,0.5
FIROZABAD_UTTAR PRADESH,2023.0,0.4
FIROZABAD_UTTAR PRADESH,2024.0,0.4
GADAG_KARNATAKA,2015.0,0.6
GADAG_KARNATAKA,2016.0,0.4
GADAG_KARNATAKA,2017.0,0.45
GADAG_KARNATAKA,2018.0,0.6
GADAG_KARNATAKA,2019.0,0.5
GADAG_KARNATAKA,2020.0,0.5
GADAG_KARNATAKA,2021.0,0.6
GADAG_KARNATAKA,2022.0,0.6
GADAG_KARNATAKA,2023.0,0.5
GADAG_KARNATAKA,2024.0,0.6
GANDHINAGAR_GUJARAT,2015.0,0.65
GANDHINAGAR_GUJARAT,2016.0,0.6
GANDHINAGAR_GUJARAT,2017.0,0.65
GANDHINAGAR_GUJARAT,2018.0,0.65
GANDHINAGAR_GUJARAT,2019.0,0.7
GANDHINAGAR_GUJARAT,2020.0,0.85
GANDHINAGAR_GUJARAT,2021.0,0.6
GANDHINAGAR_GUJARAT,2022.0,0.8
GANDHINAGAR_GUJARAT,2023.0,0.7
GANDHINAGAR_GUJARAT,2024.0,0.6
GANJAM_ODISHA,2015.0,0.55
GANJAM_ODISHA,2016.0,0.6
GANJAM_ODISHA,2017.0,0.6
GANJAM_ODISHA,2018.0,0.45
GANJAM_ODISHA,2019.0,0.5
GANJAM_ODISHA,2020.0,0.4
GANJAM_ODISHA,2021.0,0.1
GANJAM_ODISHA,2022.0,0.3
GANJAM_ODISHA,2023.0,0.4
GANJAM_ODISHA,2024.0,0.6
GHAZIABAD_UTTAR PRADESH,2015.0,0.7
GHAZIABAD_UTTAR PRADESH,2016.0,0.7
GHAZIABAD_UTTAR PRADESH,2017.0,0.7
GHAZIABAD_UTTAR PRADESH,2018.0,0.6
GHAZIABAD_UTTAR PRADESH,2019.0,0.7
GHAZIABAD_UTTAR PRADESH,2020.0,0.7
GHAZIABAD_UTTAR PRADESH,2021.0,0.7
GHAZIABAD_UTTAR PRADESH,2022.0,0.7
GHAZIABAD_UTTAR PRADESH,2023.0,0.7
GHAZIABAD_UTTAR PRADESH,2024.0,0.7
GHAZIPUR_UTTAR PRADESH,2015.0,0.6
GHAZIPUR_UTTAR PRADESH,2016.0,0.65
GHAZIPUR_UTTAR PRADESH,2017.0,0.7
GHAZIPUR_UTTAR PRADESH,2018.0,0.6
GHAZIPUR_UTTAR PRADESH,2019.0,0.6
GHAZIPUR_UTTAR PRADESH,2020.0,0.6
GHAZIPUR_UTTAR PRADESH,2021.0,0.5
GHAZIPUR_UTTAR PRADESH,2022.0,0.55
GHAZIPUR_UTTAR PRADESH,2023.0,0.45
GHAZIPUR_UTTAR PRADESH,2024.0,0.6
GIRIDIH_JHARKHAND,2015.0,0.45
GIRIDIH_JHARKHAND,2016.0,0.55
GIRIDIH_JHARKHAND,2017.0,0.55
GIRIDIH_JHARKHAND,2018.0,0.6
GIRIDIH_JHARKHAND,2019.0,0.65
GIRIDIH_JHARKHAND,2020.0,0.5
GIRIDIH_JHARKHAND,2021.0,0.7
GIRIDIH_JHARKHAND,2022.0,0.6
GIRIDIH_JHARKHAND,2023.0,0.45
GIRIDIH_JHARKHAND,2024.0,0.6
GONDA_UTTAR PRADESH,2015.0,0.6
GONDA_UTTAR PRADESH,2016.0,0.6
GONDA_UTTAR PRADESH,2017.0,0.6
GONDA_UTTAR PRADESH,2018.0,0.5
GONDA_UTTAR PRADESH,2019.0,0.6
GONDA_UTTAR PRADESH,2020.0,0.6
GONDA_UTTAR PRADESH,2021.0,0.6
GONDA_UTTAR PRADESH,2022.0,0.6
GONDA_UTTAR PRADESH,2023.0,0.5
GONDA_UTTAR PRADESH,2024.0,0.6
GONDIA_MAHARASHTRA,2015.0,0.3
GONDIA_MAHARASHTRA,2016.0,0.4
GONDIA_MAHARASHTRA,2017.0,0.2
GONDIA_MAHARASHTRA,2018.0,0.4
GONDIA_MAHARASHTRA,2019.0,0.6
GONDIA_MAHARASHTRA,2020.0,0.6
GONDIA_MAHARASHTRA,2021.0,0.65
GONDIA_MAHARASHTRA,2022.0,0.6
GONDIA_MAHARASHTRA,2023.0,0.45
GONDIA_MAHARASHTRA,2024.0,0.5
GORAKHPUR_UTTAR PRADESH,2015.0,0.7
GORAKHPUR_UTTAR PRADESH,2016.0,0.55
GORAKHPUR_UTTAR PRADESH,2017.0,0.6
GORAKHPUR_UTTAR PRADESH,2018.0,0.7
GORAKHPUR_UTTAR PRADESH,2019.0,0.6
GORAKHPUR_UTTAR PRADESH,2020.0,0.65
GORAKHPUR_UTTAR PRADESH,2021.0,0.65
GORAKHPUR_UTTAR PRADESH,2022.0,0.55
GORAKHPUR_UTTAR PRADESH,2023.0,0.35
GORAKHPUR_UTTAR PRADESH,2024.0,0.55
GUNTUR_ANDHRA PRADESH,2015.0,0.6
GUNTUR_ANDHRA PRADESH,2016.0,0.7
GUNTUR_ANDHRA PRADESH,2017.0,0.65
GUNTUR_ANDHRA PRADESH,2018.0,0.55
GUNTUR_ANDHRA PRADESH,2019.0,0.6
GUNTUR_ANDHRA PRADESH,2020.0,0.6
GUNTUR_ANDHRA PRADESH,2021.0,0.6
GUNTUR_ANDHRA PRADESH,2022.0,0.5
GUNTUR_ANDHRA PRADESH,2023.0,0.3
GUNTUR_ANDHRA PRADESH,2024.0,0.55
GURDASPUR_PUNJAB,2015.0,0.65
GURDASPUR_PUNJAB,2016.0,0.6
GURDASPUR_PUNJAB,2017.0,0.8
GURDASPUR_PUNJAB,2018.0,0.6
GURDASPUR_PUNJAB,2019.0,0.6
GURDASPUR_PUNJAB,2020.0,0.6
GURDASPUR_PUNJAB,2021.0,0.55
GURDASPUR_PUNJAB,2022.0,0.55
GURDASPUR_PUNJAB,2023.0,0.65
GURDASPUR_PUNJAB,2024.0,0.75
GWALIOR_MADHYA PRADESH,2015.0,0.4
GWALIOR_MADHYA PRADESH,2016.0,0.5
GWALIOR_MADHYA PRADESH,2017.0,0.2
GWALIOR_MADHYA PRADESH,2018.0,0.5
GWALIOR_MADHYA PRADESH,2019.0,0.5
GWALIOR_MADHYA PRADESH,2020.0,0.1
GWALIOR_MADHYA PRADESH,2021.0,0.3
GWALIOR_MADHYA PRADESH,2022.0,0.4
GWALIOR_MADHYA PRADESH,2023.0,0.65
GWALIOR_MADHYA PRADESH,2024.0,0.6
HAMIRPUR_HIMACHAL PRADESH,2015.0,0.7
HAMIRPUR_HIMACHAL PRADESH,2016.0,0.6
HAMIRPUR_HIMACHAL PRADESH,2017.0,0.5
HAMIRPUR_HIMACHAL PRADESH,2018.0,0.6
HAMIRPUR_HIMACHAL PRADESH,2019.0,0.6
HAMIRPUR_HIMACHAL PRADESH,2020.0,0.55
HAMIRPUR_HIMACHAL PRADESH,2021.0,0.55
HAMIRPUR_HIMACHAL PRADESH,2022.0,0.6
HAMIRPUR_HIMACHAL PRADESH,2023.0,0.65
HAMIRPUR_HIMACHAL PRADESH,2024.0,0.6
HANUMANGARH_RAJASTHAN,2015.0,0.2
HANUMANGARH_RAJASTHAN,2016.0,0.3
HANUMANGARH_RAJASTHAN,2017.0,0.4
HANUMANGARH_RAJASTHAN,2018.0,0.4
HANUMANGARH_RAJASTHAN,2019.0,0.3
HANUMANGARH_RAJASTHAN,2020.0,0.2
HANUMANGARH_RAJASTHAN,2021.0,0.4
HANUMANGARH_RAJASTHAN,2022.0,0.3
HANUMANGARH_RAJASTHAN,2023.0,0.3
HANUMANGARH_RAJASTHAN,2024.0,0.3
HAORA_WEST BENGAL,2015.0,0.7
HAORA_WEST BENGAL,2016.0,0.6
HAORA_WEST BENGAL,2017.0,0.5
HAORA_WEST BENGAL,2018.0,0.5
HAORA_WEST BENGAL,2019.0,0.65
HAORA_WEST BENGAL,2020.0,0.5
HAORA_WEST BENGAL,2021.0,0.6
HAORA_WEST BENGAL,2022.0,0.65
HAORA_WEST BENGAL,2023.0,0.7
HAORA_WEST BENGAL,2024.0,0.7
HARDA_MADHYA PRADESH,2015.0,0.7
HARDA_MADHYA PRADESH,2016.0,0.65
HARDA_MADHYA PRADESH,2017.0,0.5
HARDA_MADHYA PRADESH,2018.0,0.3
HARDA_MADHYA PRADESH,2019.0,0.5
HARDA_MADHYA PRADESH,2020.0,0.5
HARDA_MADHYA PRADESH,2021.0,0.55
HARDA_MADHYA PRADESH,2022.0,0.65
HARDA_MADHYA PRADESH,2023.0,0.65
HARDA_MADHYA PRADESH,2024.0,0.55
HARDOI_UTTAR PRADESH,2015.0,0.7
HARDOI_UTTAR PRADESH,2016.0,0.7
HARDOI_UTTAR PRADESH,2017.0,0.65
HARDOI_UTTAR PRADESH,2018.0,0.65
HARDOI_UTTAR PRADESH,2019.0,0.55
HARDOI_UTTAR PRADESH,2020.0,0.55
HARDOI_UTTAR PRADESH,2021.0,0.55
HARDOI_UTTAR PRADESH,2022.0,0.6
HARDOI_UTTAR PRADESH,2023.0,0.55
HARDOI_UTTAR PRADESH,2024.0,0.45
HASSAN_KARNATAKA,2015.0,0.65
HASSAN_KARNATAKA,2016.0,0.65
HASSAN_KARNATAKA,2017.0,0.65
HASSAN_KARNATAKA,2018.0,0.5
HASSAN_KARNATAKA,2019.0,0.55
HASSAN_KARNATAKA,2020.0,0.45
HASSAN_KARNATAKA,2021.0,0.45
HASSAN_KARNATAKA,2022.0,0.7
HASSAN_KARNATAKA,2023.0,0.65
HASSAN_KARNATAKA,2024.0,0.45
HAZARIBAGH_JHARKHAND,2015.0,0.65
HAZARIBAGH_JHARKHAND,2016.0,0.45
HAZARIBAGH_JHARKHAND,2017.0,0.5
HAZARIBAGH_JHARKHAND,2018.0,0.7
HAZARIBAGH_JHARKHAND,2019.0,0.55
HAZARIBAGH_JHARKHAND,2020.0,0.6
HAZARIBAGH_JHARKHAND,2021.0,0.6
HAZARIBAGH_JHARKHAND,2022.0,0.6
HAZARIBAGH_JHARKHAND,2023.0,0.65
HAZARIBAGH_JHARKHAND,2024.0,0.7
HISAR_HARYANA,2015.0,0.55
HISAR_HARYANA,2016.0,0.6
HISAR_HARYANA,2017.0,0.6
HISAR_HARYANA,2018.0,0.65
HISAR_HARYANA,2019.0,0.6
HISAR_HARYANA,2020.0,0.6
HISAR_HARYANA,2021.0,0.6
HISAR_HARYANA,2022.0,0.55
HISAR_HARYANA,2023.0,0.4
HISAR_HARYANA,2024.0,0.55
HOSHIARPUR_PUNJAB,2015.0,0.6
HOSHIARPUR_PUNJAB,2016.0,0.55
HOSHIARPUR_PUNJAB,2017.0,0.5
HOSHIARPUR_PUNJAB,2018.0,0.6
HOSHIARPUR_PUNJAB,2019.0,0.65
HOSHIARPUR_PUNJAB,2020.0,0.5
HOSHIARPUR_PUNJAB,2021.0,0.55
HOSHIARPUR_PUNJAB,2022.0,0.65
HOSHIARPUR_PUNJAB,2023.0,0.4
HOSHIARPUR_PUNJAB,2024.0,0.6
IDUKKI_KERALA,2015.0,0.4
IDUKKI_KERALA,2016.0,0.5
IDUKKI_KERALA,2017.0,0.4
IDUKKI_KERALA,2018.0,0.4
IDUKKI_KERALA,2019.0,0.4
IDUKKI_KERALA,2020.0,0.4
IDUKKI_KERALA,2021.0,0.4
IDUKKI_KERALA,2022.0,0.6
IDUKKI_KERALA,2023.0,0.5
IDUKKI_KERALA,2024.0,0.45
INDORE_MADHYA PRADESH,2015.0,0.65
INDORE_MADHYA PRADESH,2016.0,0.45
INDORE_MADHYA PRADESH,2017.0,0.55
INDORE_MADHYA PRADESH,2018.0,0.5
INDORE_MADHYA PRADESH,2019.0,0.55
INDORE_MADHYA PRADESH,2020.0,0.4
INDORE_MADHYA PRADESH,2021.0,0.5
INDORE_MADHYA PRADESH,2022.0,0.55
INDORE_MADHYA PRADESH,2023.0,0.6
INDORE_MADHYA PRADESH,2024.0,0.6
JABALPUR_MADHYA PRADESH,2015.0,0.65
JABALPUR_MADHYA PRADESH,2016.0,0.7
JABALPUR_MADHYA PRADESH,2017.0,0.4
JABALPUR_MADHYA PRADESH,2018.0,0.5
JABALPUR_MADHYA PRADESH,2019.0,0.65
JABALPUR_MADHYA PRADESH,2020.0,0.5
JABALPUR_MADHYA PRADESH,2021.0,0.6
JABALPUR_MADHYA PRADESH,2022.0,0.55
JABALPUR_MADHYA PRADESH,2023.0,0.6
JABALPUR_MADHYA PRADESH,2024.0,0.55
JAGATSINGHAPUR_ODISHA,2015.0,0.8
JAGATSINGHAPUR_ODISHA,2016.0,0.85
JAGATSINGHAPUR_ODISHA,2017.0,0.65
JAGATSINGHAPUR_ODISHA,2018.0,0.7
JAGATSINGHAPUR_ODISHA,2019.0,0.8
JAGATSINGHAPUR_ODISHA,2020.0,0.7
JAGATSINGHAPUR_ODISHA,2021.0,0.7
JAGATSINGHAPUR_ODISHA,2022.0,0.5
JAGATSINGHAPUR_ODISHA,2023.0,0.65
JAGATSINGHAPUR_ODISHA,2024.0,0.7
JAIPUR_RAJASTHAN,2015.0,0.6
JAIPUR_RAJASTHAN,2016.0,0.6
JAIPUR_RAJASTHAN,2017.0,0.5
JAIPUR_RAJASTHAN,2018.0,0.7
JAIPUR_RAJASTHAN,2019.0,0.65
JAIPUR_RAJASTHAN,2020.0,0.45
JAIPUR_RAJASTHAN,2021.0,0.55
JAIPUR_RAJASTHAN,2022.0,0.6
JAIPUR_RAJASTHAN,2023.0,0.5
JAIPUR_RAJASTHAN,2024.0,0.6
JALANDHAR_PUNJAB,2015.0,0.75
JALANDHAR_PUNJAB,2016.0,0.7
JALANDHAR_PUNJAB,2017.0,0.5
JALANDHAR_PUNJAB,2018.0,0.6
JALANDHAR_PUNJAB,2019.0,0.6
JALANDHAR_PUNJAB,2020.0,0.55
JALANDHAR_PUNJAB,2021.0,0.6
JALANDHAR_PUNJAB,2022.0,0.6
JALANDHAR_PUNJAB,2023.0,0.5
JALANDHAR_PUNJAB,2024.0,0.65
JALAUN_UTTAR PRADESH,2015.0,0.6
JALAUN_UTTAR PRADESH,2016.0,0.6
JALAUN_UTTAR PRADESH,2017.0,0.4
JALAUN_UTTAR PRADESH,2018.0,0.5
JALAUN_UTTAR PRADESH,2019.0,0.65
JALAUN_UTTAR PRADESH,2020.0,0.3
JALAUN_UTTAR PRADESH,2021.0,0.4
JALAUN_UTTAR PRADESH,2022.0,0.5
JALAUN_UTTAR PRADESH,2023.0,0.2
JALAUN_UTTAR PRADESH,2024.0,0.5
JALGAON_MAHARASHTRA,2015.0,0.6
JALGAON_MAHARASHTRA,2016.0,0.6
JALGAON_MAHARASHTRA,2017.0,0.7
JALGAON_MAHARASHTRA,2018.0,0.7
JALGAON_MAHARASHTRA,2019.0,0.8
JALGAON_MAHARASHTRA,2020.0,0.65
JALGAON_MAHARASHTRA,2021.0,0.65
JALGAON_MAHARASHTRA,2022.0,0.8
JALGAON_MAHARASHTRA,2023.0,0.7
JALGAON_MAHARASHTRA,2024.0,0.7
JAMNAGAR_GUJARAT,2015.0,0.7
JAMNAGAR_GUJARAT,2016.0,0.6
JAMNAGAR_GUJARAT,2017.0,0.6
JAMNAGAR_GUJARAT,2018.0,0.45
JAMNAGAR_GUJARAT,2019.0,0.6
JAMNAGAR_GUJARAT,2020.0,0.65
JAMNAGAR_GUJARAT,2021.0,0.65
JAMNAGAR_GUJARAT,2022.0,0.7
JAMNAGAR_GUJARAT,2023.0,0.75
JAMNAGAR_GUJARAT,2024.0,0.65
JAMTARA_JHARKHAND,2015.0,0.45
JAMTARA_JHARKHAND,2016.0,0.6
JAMTARA_JHARKHAND,2017.0,0.65
JAMTARA_JHARKHAND,2018.0,0.6
JAMTARA_JHARKHAND,2019.0,0.5
JAMTARA_JHARKHAND,2020.0,0.55
JAMTARA_JHARKHAND,2021.0,0.5
JAMTARA_JHARKHAND,2022.0,0.45
JAMTARA_JHARKHAND,2023.0,0.4
JAMTARA_JHARKHAND,2024.0,0.65
JANJGIR-CHAMPA_CHHATTISGARH,2015.0,0.55
JANJGIR-CHAMPA_CHHATTISGARH,2016.0,0.55
JANJGIR-CHAMPA_CHHATTISGARH,2017.0,0.5
JANJGIR-CHAMPA_CHHATTISGARH,2018.0,0.6
JANJGIR-CHAMPA_CHHATTISGARH,2019.0,0.6
JANJGIR-CHAMPA_CHHATTISGARH,2020.0,0.4
JANJGIR-CHAMPA_CHHATTISGARH,2021.0,0.55
JANJGIR-CHAMPA_CHHATTISGARH,2022.0,0.6
JANJGIR-CHAMPA_CHHATTISGARH,2023.0,0.4
JANJGIR-CHAMPA_CHHATTISGARH,2024.0,0.4
JAUNPUR_UTTAR PRADESH,2015.0,0.7
JAUNPUR_UTTAR PRADESH,2016.0,0.6
JAUNPUR_UTTAR PRADESH,2017.0,0.65
JAUNPUR_UTTAR PRADESH,2018.0,0.7
JAUNPUR_UTTAR PRADESH,2019.0,0.6
JAUNPUR_UTTAR PRADESH,2020.0,0.65
JAUNPUR_UTTAR PRADESH,2021.0,0.5
JAUNPUR_UTTAR PRADESH,2022.0,0.5
JAUNPUR_UTTAR PRADESH,2023.0,0.5
JAUNPUR_UTTAR PRADESH,2024.0,0.45
JHABUA_MADHYA PRADESH,2015.0,0.6
JHABUA_MADHYA PRADESH,2016.0,0.6
JHABUA_MADHYA PRADESH,2017.0,0.45
JHABUA_MADHYA PRADESH,2018.0,0.5
JHABUA_MADHYA PRADESH,2019.0,0.55
JHABUA_MADHYA PRADESH,2020.0,0.2
JHABUA_MADHYA PRADESH,2021.0,0.4
JHABUA_MADHYA PRADESH,2022.0,0.6
JHABUA_MADHYA PRADESH,2023.0,0.6
JHABUA_MADHYA PRADESH,2024.0,0.6
JHALAWAR_RAJASTHAN,2015.0,0.4
JHALAWAR_RAJASTHAN,2016.0,0.5
JHALAWAR_RAJASTHAN,2017.0,0.4
JHALAWAR_RAJASTHAN,2018.0,0.2
JHALAWAR_RAJASTHAN,2019.0,0.2
JHALAWAR_RAJASTHAN,2020.0,0.2
JHALAWAR_RAJASTHAN,2021.0,0.3
JHALAWAR_RAJASTHAN,2022.0,0.4
JHALAWAR_RAJASTHAN,2023.0,0.3
JHALAWAR_RAJASTHAN,2024.0,0.6
JHANSI_UTTAR PRADESH,2015.0,0.6
JHANSI_UTTAR PRADESH,2016.0,0.55
JHANSI_UTTAR PRADESH,2017.0,0.4
JHANSI_UTTAR PRADESH,2018.0,0.5
JHANSI_UTTAR PRADESH,2019.0,0.65
JHANSI_UTTAR PRADESH,2020.0,0.5
JHANSI_UTTAR PRADESH,2021.0,0.45
JHANSI_UTTAR PRADESH,2022.0,0.5
JHANSI_UTTAR PRADESH,2023.0,0.4
JHANSI_UTTAR PRADESH,2024.0,0.5
JIND_HARYANA,2015.0,0.7
JIND_HARYANA,2016.0,0.65
JIND_HARYANA,2017.0,0.6
JIND_HARYANA,2018.0,0.6
JIND_HARYANA,2019.0,0.6
JIND_HARYANA,2020.0,0.55
JIND_HARYANA,2021.0,0.65
JIND_HARYANA,2022.0,0.6
JIND_HARYANA,2023.0,0.5
JIND_HARYANA,2024.0,0.7
JODHPUR_RAJASTHAN,2015.0,0.3
JODHPUR_RAJASTHAN,2016.0,0.4
JODHPUR_RAJASTHAN,2017.0,0.55
JODHPUR_RAJASTHAN,2018.0,0.4
JODHPUR_RAJASTHAN,2019.0,0.4
JODHPUR_RAJASTHAN,2020.0,0.3
JODHPUR_RAJASTHAN,2021.0,0.3
JODHPUR_RAJASTHAN,2022.0,0.3
JODHPUR_RAJASTHAN,2023.0,0.4
JODHPUR_RAJASTHAN,2024.0,0.45
JUNAGADH_GUJARAT,2015.0,0.7
JUNAGADH_GUJARAT,2016.0,0.7
JUNAGADH_GUJARAT,2017.0,0.6
JUNAGADH_GUJARAT,2018.0,0.6
JUNAGADH_GUJARAT,2019.0,0.75
JUNAGADH_GUJARAT,2020.0,0.8
JUNAGADH_GUJARAT,2021.0,0.7
JUNAGADH_GUJARAT,2022.0,0.65
JUNAGADH_GUJARAT,2023.0,0.6
JUNAGADH_GUJARAT,2024.0,0.8
KANGRA_HIMACHAL PRADESH,2015.0,0.6
KANGRA_HIMACHAL PRADESH,2016.0,0.65
KANGRA_HIMACHAL PRADESH,2017.0,0.6
KANGRA_HIMACHAL PRADESH,2018.0,0.6
KANGRA_HIMACHAL PRADESH,2019.0,0.6
KANGRA_HIMACHAL PRADESH,2020.0,0.65
KANGRA_HIMACHAL PRADESH,2021.0,0.65
KANGRA_HIMACHAL PRADESH,2022.0,0.6
KANGRA_HIMACHAL PRADESH,2023.0,0.6
KANGRA_HIMACHAL PRADESH,2024.0,0.7
KANNAUJ_UTTAR PRADESH,2015.0,0.65
KANNAUJ_UTTAR PRADESH,2016.0,0.6
KANNAUJ_UTTAR PRADESH,2017.0,0.65
KANNAUJ_UTTAR PRADESH,2018.0,0.6
KANNAUJ_UTTAR PRADESH,2019.0,0.6
KANNAUJ_UTTAR PRADESH,2020.0,0.6
KANNAUJ_UTTAR PRADESH,2021.0,0.6
KANNAUJ_UTTAR PRADESH,2022.0,0.6
KANNAUJ_UTTAR PRADESH,2023.0,0.45
KANNAUJ_UTTAR PRADESH,2024.0,0.55
KANNUR_KERALA,2015.0,0.6
KANNUR_KERALA,2016.0,0.55
KANNUR_KERALA,2017.0,0.65
KANNUR_KERALA,2018.0,0.45
KANNUR_KERALA,2019.0,0.55
KANNUR_KERALA,2020.0,0.55
KANNUR_KERALA,2021.0,0.55
KANNUR_KERALA,2022.0,0.6
KANNUR_KERALA,2023.0,0.4
KANNUR_KERALA,2024.0,0.35
KAPURTHALA_PUNJAB,2015.0,0.6
KAPURTHALA_PUNJAB,2016.0,0.5
KAPURTHALA_PUNJAB,2017.0,0.4
KAPURTHALA_PUNJAB,2018.0,0.5
KAPURTHALA_PUNJAB,2019.0,0.45
KAPURTHALA_PUNJAB,2020.0,0.4
KAPURTHALA_PUNJAB,2021.0,0.6
KAPURTHALA_PUNJAB,2022.0,0.6
KAPURTHALA_PUNJAB,2023.0,0.55
KAPURTHALA_PUNJAB,2024.0,0.65
KARIMNAGAR_TELANGANA,2015.0,0.5
KARIMNAGAR_TELANGANA,2016.0,0.55
KARIMNAGAR_TELANGANA,2017.0,0.6
KARIMNAGAR_TELANGANA,2018.0,0.6
KARIMNAGAR_TELANGANA,2019.0,0.6
KARIMNAGAR_TELANGANA,2020.0,0.5
KARIMNAGAR_TELANGANA,2021.0,0.5
KARIMNAGAR_TELANGANA,2022.0,0.4
KARIMNAGAR_TELANGANA,2023.0,0.55
KARIMNAGAR_TELANGANA,2024.0,0.45
KARNAL_HARYANA,2015.0,0.55
KARNAL_HARYANA,2016.0,0.5
KARNAL_HARYANA,2017.0,0.55
KARNAL_HARYANA,2018.0,0.45
KARNAL_HARYANA,2019.0,0.7
KARNAL_HARYANA,2020.0,0.6
KARNAL_HARYANA,2021.0,0.6
KARNAL_HARYANA,2022.0,0.65
KARNAL_HARYANA,2023.0,0.45
KARNAL_HARYANA,2024.0,0.75
KENDUJHAR_ODISHA,2015.0,0.65
KENDUJHAR_ODISHA,2016.0,0.55
KENDUJHAR_ODISHA,2017.0,0.5
KENDUJHAR_ODISHA,2018.0,0.35
KENDUJHAR_ODISHA,2019.0,0.6
KENDUJHAR_ODISHA,2020.0,0.3
KENDUJHAR_ODISHA,2021.0,0.4
KENDUJHAR_ODISHA,2022.0,0.4
KENDUJHAR_ODISHA,2023.0,0.5
KENDUJHAR_ODISHA,2024.0,0.55
KHAMMAM_TELANGANA,2015.0,0.6
KHAMMAM_TELANGANA,2016.0,0.6
KHAMMAM_TELANGANA,2017.0,0.5
KHAMMAM_TELANGANA,2018.0,0.55
KHAMMAM_TELANGANA,2019.0,0.55
KHAMMAM_TELANGANA,2020.0,0.5
KHAMMAM_TELANGANA,2021.0,0.5
KHAMMAM_TELANGANA,2022.0,0.6
KHAMMAM_TELANGANA,2023.0,0.6
KHAMMAM_TELANGANA,2024.0,0.55
KHEDA_GUJARAT,2015.0,0.6
KHEDA_GUJARAT,2016.0,0.7
KHEDA_GUJARAT,2017.0,0.7
KHEDA_GUJARAT,2018.0,0.75
KHEDA_GUJARAT,2019.0,0.65
KHEDA_GUJARAT,2020.0,0.75
KHEDA_GUJARAT,2021.0,0.85
KHEDA_GUJARAT,2022.0,0.75
KHEDA_GUJARAT,2023.0,0.8
KHEDA_GUJARAT,2024.0,0.7
KHORDHA_ODISHA,2015.0,0.55
KHORDHA_ODISHA,2016.0,0.85
KHORDHA_ODISHA,2017.0,0.5
KHORDHA_ODISHA,2018.0,0.5
KHORDHA_ODISHA,2019.0,0.7
KHORDHA_ODISHA,2020.0,0.65
KHORDHA_ODISHA,2021.0,0.6
KHORDHA_ODISHA,2022.0,0.55
KHORDHA_ODISHA,2023.0,0.55
KHORDHA_ODISHA,2024.0,0.6
KOLAR_KARNATAKA,2015.0,0.55
KOLAR_KARNATAKA,2016.0,0.65
KOLAR_KARNATAKA,2017.0,0.65
KOLAR_KARNATAKA,2018.0,0.6
KOLAR_KARNATAKA,2019.0,0.45
KOLAR_KARNATAKA,2020.0,0.45
KOLAR_KARNATAKA,2021.0,0.5
KOLAR_KARNATAKA,2022.0,0.35
KOLAR_KARNATAKA,2023.0,0.65
KOLAR_KARNATAKA,2024.0,0.45
KOLHAPUR_MAHARASHTRA,2015.0,0.7
KOLHAPUR_MAHARASHTRA,2016.0,0.75
KOLHAPUR_MAHARASHTRA,2017.0,0.6
KOLHAPUR_MAHARASHTRA,2018.0,0.65
KOLHAPUR_MAHARASHTRA,2019.0,0.75
KOLHAPUR_MAHARASHTRA,2020.0,0.85
KOLHAPUR_MAHARASHTRA,2021.0,0.7
KOLHAPUR_MAHARASHTRA,2022.0,1.0
KOLHAPUR_MAHARASHTRA,2023.0,0.7
KOLHAPUR_MAHARASHTRA,2024.0,0.7
KOLLAM_KERALA,2015.0,0.5
KOLLAM_KERALA,2016.0,0.5
KOLLAM_KERALA,2017.0,0.6
KOLLAM_KERALA,2018.0,0.4
KOLLAM_KERALA,2019.0,0.5
KOLLAM_KERALA,2020.0,0.55
KOLLAM_KERALA,2021.0,0.45
KOLLAM_KERALA,2022.0,0.4
KOLLAM_KERALA,2023.0,0.4
KOLLAM_KERALA,2024.0,0.55
KOPPAL_KARNATAKA,2015.0,0.6
KOPPAL_KARNATAKA,2016.0,0.6
KOPPAL_KARNATAKA,2017.0,0.75
KOPPAL_KARNATAKA,2018.0,0.65
KOPPAL_KARNATAKA,2019.0,0.6
KOPPAL_KARNATAKA,2020.0,0.5
KOPPAL_KARNATAKA,2021.0,0.5
KOPPAL_KARNATAKA,2022.0,0.5
KOPPAL_KARNATAKA,2023.0,0.4
KOPPAL_KARNATAKA,2024.0,0.5
KORAPUT_ODISHA,2015.0,0.5
KORAPUT_ODISHA,2016.0,0.65
KORAPUT_ODISHA,2017.0,0.65
KORAPUT_ODISHA,2018.0,0.55
KORAPUT_ODISHA,2019.0,0.65
KORAPUT_ODISHA,2020.0,0.5
KORAPUT_ODISHA,2021.0,0.3
KORAPUT_ODISHA,2022.0,0.4
KORAPUT_ODISHA,2023.0,0.2
KORAPUT_ODISHA,2024.0,0.4
KORBA_CHHATTISGARH,2015.0,0.4
KORBA_CHHATTISGARH,2016.0,0.55
KORBA_CHHATTISGARH,2017.0,0.5
KORBA_CHHATTISGARH,2018.0,0.3
KORBA_CHHATTISGARH,2019.0,0.55
KORBA_CHHATTISGARH,2020.0,0.5
KORBA_CHHATTISGARH,2021.0,0.4
KORBA_CHHATTISGARH,2022.0,0.3
KORBA_CHHATTISGARH,2023.0,0.4
KORBA_CHHATTISGARH,2024.0,0.4
KOTA_RAJASTHAN,2015.0,0.1
KOTA_RAJASTHAN,2016.0,0.6
KOTA_RAJASTHAN,2017.0,0.4
KOTA_RAJASTHAN,2018.0,0.2
KOTA_RAJASTHAN,2019.0,0.5
KOTA_RAJASTHAN,2020.0,0.5
KOTA_RAJASTHAN,2021.0,0.4
KOTA_RAJASTHAN,2022.0,0.3
KOTA_RAJASTHAN,2023.0,0.6
KOTA_RAJASTHAN,2024.0,0.3
KOTTAYAM_KERALA,2015.0,0.7
KOTTAYAM_KERALA,2016.0,0.55
KOTTAYAM_KERALA,2017.0,0.6
KOTTAYAM_KERALA,2018.0,0.5
KOTTAYAM_KERALA,2019.0,0.6
KOTTAYAM_KERALA,2020.0,0.5
KOTTAYAM_KERALA,2021.0,0.5
KOTTAYAM_KERALA,2022.0,0.5
KOTTAYAM_KERALA,2023.0,0.45
KOTTAYAM_KERALA,2024.0,0.55
KOZHIKODE_KERALA,2015.0,0.4
KOZHIKODE_KERALA,2016.0,0.3
KOZHIKODE_KERALA,2017.0,0.5
KOZHIKODE_KERALA,2018.0,0.4
KOZHIKODE_KERALA,2019.0,0.4
KOZHIKODE_KERALA,2020.0,0.5
KOZHIKODE_KERALA,2021.0,0.3
KOZHIKODE_KERALA,2022.0,0.4
KOZHIKODE_KERALA,2023.0,0.4
KOZHIKODE_KERALA,2024.0,0.3
KRISHNA_ANDHRA PRADESH,2015.0,0.6
KRISHNA_ANDHRA PRADESH,2016.0,0.6
KRISHNA_ANDHRA PRADESH,2017.0,0.6
KRISHNA_ANDHRA PRADESH,2018.0,0.6
KRISHNA_ANDHRA PRADESH,2019.0,0.5
KRISHNA_ANDHRA PRADESH,2020.0,0.55
KRISHNA_ANDHRA PRADESH,2021.0,0.6
KRISHNA_ANDHRA PRADESH,2022.0,0.3
KRISHNA_ANDHRA PRADESH,2023.0,0.3
KRISHNA_ANDHRA PRADESH,2024.0,0.5
KURNOOL_ANDHRA PRADESH,2015.0,0.6
KURNOOL_ANDHRA PRADESH,2016.0,0.45
KURNOOL_ANDHRA PRADESH,2017.0,0.7
KURNOOL_ANDHRA PRADESH,2018.0,0.45
KURNOOL_ANDHRA PRADESH,2019.0,0.6
KURNOOL_ANDHRA PRADESH,2020.0,0.6
KURNOOL_ANDHRA PRADESH,2021.0,0.6
KURNOOL_ANDHRA PRADESH,2022.0,0.5
KURNOOL_ANDHRA PRADESH,2023.0,0.4
KURNOOL_ANDHRA PRADESH,2024.0,0.4
LALITPUR_UTTAR PRADESH,2015.0,0.5
LALITPUR_UTTAR PRADESH,2016.0,0.6
LALITPUR_UTTAR PRADESH,2017.0,0.55
LALITPUR_UTTAR PRADESH,2018.0,0.4
LALITPUR_UTTAR PRADESH,2019.0,0.4
LALITPUR_UTTAR PRADESH,2020.0,0.45
LALITPUR_UTTAR PRADESH,2021.0,0.6
LALITPUR_UTTAR PRADESH,2022.0,0.45
LALITPUR_UTTAR PRADESH,2023.0,0.55
LALITPUR_UTTAR PRADESH,2024.0,0.5
LATUR_MAHARASHTRA,2015.0,0.6
LATUR_MAHARASHTRA,2016.0,0.6
LATUR_MAHARASHTRA,2017.0,0.6
LATUR_MAHARASHTRA,2018.0,0.6
LATUR_MAHARASHTRA,2019.0,0.75
LATUR_MAHARASHTRA,2020.0,0.75
LATUR_MAHARASHTRA,2021.0,0.8
LATUR_MAHARASHTRA,2022.0,0.75
LATUR_MAHARASHTRA,2023.0,0.6
LATUR_MAHARASHTRA,2024.0,0.65
LUCKNOW_UTTAR PRADESH,2015.0,0.65
LUCKNOW_UTTAR PRADESH,2016.0,0.6
LUCKNOW_UTTAR PRADESH,2017.0,0.45
LUCKNOW_UTTAR PRADESH,2018.0,0.7
LUCKNOW_UTTAR PRADESH,2019.0,0.6
LUCKNOW_UTTAR PRADESH,2020.0,0.6
LUCKNOW_UTTAR PRADESH,2021.0,0.65
LUCKNOW_UTTAR PRADESH,2022.0,0.65
LUCKNOW_UTTAR PRADESH,2023.0,0.65
LUCKNOW_UTTAR PRADESH,2024.0,0.55
LUDHIANA_PUNJAB,2015.0,0.65
LUDHIANA_PUNJAB,2016.0,0.45
LUDHIANA_PUNJAB,2017.0,0.55
LUDHIANA_PUNJAB,2018.0,0.65
LUDHIANA_PUNJAB,2019.0,0.6
LUDHIANA_PUNJAB,2020.0,0.55
LUDHIANA_PUNJAB,2021.0,0.6
LUDHIANA_PUNJAB,2022.0,0.45
LUDHIANA_PUNJAB,2023.0,0.5
LUDHIANA_PUNJAB,2024.0,0.7
MADURAI_TAMIL NADU,2015.0,0.4
MADURAI_TAMIL NADU,2016.0,0.3
MADURAI_TAMIL NADU,2017.0,0.3
MADURAI_TAMIL NADU,2018.0,0.55
MADURAI_TAMIL NADU,2019.0,0.55
MADURAI_TAMIL NADU,2020.0,0.5
MADURAI_TAMIL NADU,2021.0,0.4
MADURAI_TAMIL NADU,2022.0,0.4
MADURAI_TAMIL NADU,2023.0,0.4
MADURAI_TAMIL NADU,2024.0,0.4
MAHABUBNAGAR_TELANGANA,2015.0,0.6
MAHABUBNAGAR_TELANGANA,2016.0,0.55
MAHABUBNAGAR_TELANGANA,2017.0,0.7
MAHABUBNAGAR_TELANGANA,2018.0,0.6
MAHABUBNAGAR_TELANGANA,2019.0,0.65
MAHABUBNAGAR_TELANGANA,2020.0,0.2
MAHABUBNAGAR_TELANGANA,2021.0,0.45
MAHABUBNAGAR_TELANGANA,2022.0,0.4
MAHABUBNAGAR_TELANGANA,2023.0,0.45
MAHABUBNAGAR_TELANGANA,2024.0,0.45
MAHENDRAGARH_HARYANA,2015.0,0.65
MAHENDRAGARH_HARYANA,2016.0,0.8
MAHENDRAGARH_HARYANA,2017.0,0.65
MAHENDRAGARH_HARYANA,2018.0,0.7
MAHENDRAGARH_HARYANA,2019.0,0.75
MAHENDRAGARH_HARYANA,2020.0,0.6
MAHENDRAGARH_HARYANA,2021.0,0.8
MAHENDRAGARH_HARYANA,2022.0,0.75
MAHENDRAGARH_HARYANA,2023.0,0.7
MAHENDRAGARH_HARYANA,2024.0,0.75
MAHESANA_GUJARAT,2015.0,0.6
MAHESANA_GUJARAT,2016.0,0.6
MAHESANA_GUJARAT,2017.0,0.6
MAHESANA_GUJARAT,2018.0,0.55
MAHESANA_GUJARAT,2019.0,0.5
MAHESANA_GUJARAT,2020.0,0.6
MAHESANA_GUJARAT,2021.0,0.6
MAHESANA_GUJARAT,2022.0,0.65
MAHESANA_GUJARAT,2023.0,0.65
MAHESANA_GUJARAT,2024.0,0.7
MAINPURI_UTTAR PRADESH,2015.0,0.6
MAINPURI_UTTAR PRADESH,2016.0,0.6
MAINPURI_UTTAR PRADESH,2017.0,0.6
MAINPURI_UTTAR PRADESH,2018.0,0.5
MAINPURI_UTTAR PRADESH,2019.0,0.6
MAINPURI_UTTAR PRADESH,2020.0,0.45
MAINPURI_UTTAR PRADESH,2021.0,0.65
MAINPURI_UTTAR PRADESH,2022.0,0.55
MAINPURI_UTTAR PRADESH,2023.0,0.55
MAINPURI_UTTAR PRADESH,2024.0,0.5
MALAPPURAM_KERALA,2015.0,0.7
MALAPPURAM_KERALA,2016.0,0.6
MALAPPURAM_KERALA,2017.0,0.6
MALAPPURAM_KERALA,2018.0,0.65
MALAPPURAM_KERALA,2019.0,0.7
MALAPPURAM_KERALA,2020.0,0.6
MALAPPURAM_KERALA,2021.0,0.65
MALAPPURAM_KERALA,2022.0,0.6
MALAPPURAM_KERALA,2023.0,0.7
MALAPPURAM_KERALA,2024.0,0.6
MANDI_HIMACHAL PRADESH,2015.0,0.55
MANDI_HIMACHAL PRADESH,2016.0,0.3
MANDI_HIMACHAL PRADESH,2017.0,0.55
MANDI_HIMACHAL PRADESH,2018.0,0.5
MANDI_HIMACHAL PRADESH,2019.0,0.45
MANDI_HIMACHAL PRADESH,2020.0,0.4
MANDI_HIMACHAL PRADESH,2021.0,0.4
MANDI_HIMACHAL PRADESH,2022.0,0.4
MANDI_HIMACHAL PRADESH,2023.0,0.5
MANDI_HIMACHAL PRADESH,2024.0,0.3
MANDLA_MADHYA PRADESH,2015.0,0.55
MANDLA_MADHYA PRADESH,2016.0,0.45
MANDLA_MADHYA PRADESH,2017.0,0.4
MANDLA_MADHYA PRADESH,2018.0,0.3
MANDLA_MADHYA PRADESH,2019.0,0.4
MANDLA_MADHYA PRADESH,2020.0,0.3
MANDLA_MADHYA PRADESH,2021.0,0.1
MANDLA_MADHYA PRADESH,2022.0,0.3
MANDLA_MADHYA PRADESH,2023.0,0.3
MANDLA_MADHYA PRADESH,2024.0,0.4
MANDYA_KARNATAKA,2015.0,0.75
MANDYA_KARNATAKA,2016.0,0.55
MANDYA_KARNATAKA,2017.0,0.6
MANDYA_KARNATAKA,2018.0,0.65
MANDYA_KARNATAKA,2019.0,0.65
MANDYA_KARNATAKA,2020.0,0.5
MANDYA_KARNATAKA,2021.0,0.5
MANDYA_KARNATAKA,2022.0,0.5
MANDYA_KARNATAKA,2023.0,0.6
MANDYA_KARNATAKA,2024.0,0.6
MATHURA_UTTAR PRADESH,2015.0,0.6
MATHURA_UTTAR PRADESH,2016.0,0.7
MATHURA_UTTAR PRADESH,2017.0,0.7
MATHURA_UTTAR PRADESH,2018.0,0.6
MATHURA_UTTAR PRADESH,2019.0,0.6
MATHURA_UTTAR PRADESH,2020.0,0.5
MATHURA_UTTAR PRADESH,2021.0,0.65
MATHURA_UTTAR PRADESH,2022.0,0.6
MATHURA_UTTAR PRADESH,2023.0,0.45
MATHURA_UTTAR PRADESH,2024.0,0.4
MAU_UTTAR PRADESH,2015.0,0.55
MAU_UTTAR PRADESH,2016.0,0.5
MAU_UTTAR PRADESH,2017.0,0.55
MAU_UTTAR PRADESH,2018.0,0.55
MAU_UTTAR PRADESH,2019.0,0.55
MAU_UTTAR PRADESH,2020.0,0.55
MAU_UTTAR PRADESH,2021.0,0.6
MAU_UTTAR PRADESH,2022.0,0.6
MAU_UTTAR PRADESH,2023.0,0.55
MAU_UTTAR PRADESH,2024.0,0.55
MAYURBHANJ_ODISHA,2015.0,0.4
MAYURBHANJ_ODISHA,2016.0,0.5
MAYURBHANJ_ODISHA,2017.0,0.5
MAYURBHANJ_ODISHA,2018.0,0.45
MAYURBHANJ_ODISHA,2019.0,0.5
MAYURBHANJ_ODISHA,2020.0,0.5
MAYURBHANJ_ODISHA,2021.0,0.4
MAYURBHANJ_ODISHA,2022.0,0.5
MAYURBHANJ_ODISHA,2023.0,0.3
MAYURBHANJ_ODISHA,2024.0,0.45
MEDAK_TELANGANA,2015.0,0.5
MEDAK_TELANGANA,2016.0,0.6
MEDAK_TELANGANA,2017.0,0.45
MEDAK_TELANGANA,2018.0,0.45
MEDAK_TELANGANA,2019.0,0.55
MEDAK_TELANGANA,2020.0,0.3
MEDAK_TELANGANA,2021.0,0.4
MEDAK_TELANGANA,2022.0,0.5
MEDAK_TELANGANA,2023.0,0.5
MEDAK_TELANGANA,2024.0,0.4
MEERUT_UTTAR PRADESH,2015.0,0.6
MEERUT_UTTAR PRADESH,2016.0,0.6
MEERUT_UTTAR PRADESH,2017.0,0.7
MEERUT_UTTAR PRADESH,2018.0,0.75
MEERUT_UTTAR PRADESH,2019.0,0.6
MEERUT_UTTAR PRADESH,2020.0,0.5
MEERUT_UTTAR PRADESH,2021.0,0.65
MEERUT_UTTAR PRADESH,2022.0,0.7
MEERUT_UTTAR PRADESH,2023.0,0.6
MEERUT_UTTAR PRADESH,2024.0,0.6
MIRZAPUR_UTTAR PRADESH,2015.0,0.75
MIRZAPUR_UTTAR PRADESH,2016.0,0.7
MIRZAPUR_UTTAR PRADESH,2017.0,0.65
MIRZAPUR_UTTAR PRADESH,2018.0,0.65
MIRZAPUR_UTTAR PRADESH,2019.0,0.7
MIRZAPUR_UTTAR PRADESH,2020.0,0.55
MIRZAPUR_UTTAR PRADESH,2021.0,0.5
MIRZAPUR_UTTAR PRADESH,2022.0,0.65
MIRZAPUR_UTTAR PRADESH,2023.0,0.5
MIRZAPUR_UTTAR PRADESH,2024.0,0.7
MOGA_PUNJAB,2015.0,0.6
MOGA_PUNJAB,2016.0,0.4
MOGA_PUNJAB,2017.0,0.5
MOGA_PUNJAB,2018.0,0.65
MOGA_PUNJAB,2019.0,0.65
MOGA_PUNJAB,2020.0,0.55
MOGA_PUNJAB,2021.0,0.65
MOGA_PUNJAB,2022.0,0.6
MOGA_PUNJAB,2023.0,0.55
MOGA_PUNJAB,2024.0,0.6
MORADABAD_UTTAR PRADESH,2015.0,0.6
MORADABAD_UTTAR PRADESH,2016.0,0.55
MORADABAD_UTTAR PRADESH,2017.0,0.7
MORADABAD_UTTAR PRADESH,2018.0,0.65
MORADABAD_UTTAR PRADESH,2019.0,0.55
MORADABAD_UTTAR PRADESH,2020.0,0.55
MORADABAD_UTTAR PRADESH,2021.0,0.7
MORADABAD_UTTAR PRADESH,2022.0,0.6
MORADABAD_UTTAR PRADESH,2023.0,0.45
MORADABAD_UTTAR PRADESH,2024.0,0.45
MORENA_MADHYA PRADESH,2015.0,0.4
MORENA_MADHYA PRADESH,2016.0,0.6
MORENA_MADHYA PRADESH,2017.0,0.3
MORENA_MADHYA PRADESH,2018.0,0.5
MORENA_MADHYA PRADESH,2019.0,0.3
MORENA_MADHYA PRADESH,2020.0,0.3
MORENA_MADHYA PRADESH,2021.0,0.3
MORENA_MADHYA PRADESH,2022.0,0.4
MORENA_MADHYA PRADESH,2023.0,0.2
MORENA_MADHYA PRADESH,2024.0,0.3
MUZAFFARNAGAR_UTTAR PRADESH,2015.0,0.6
MUZAFFARNAGAR_UTTAR PRADESH,2016.0,0.7
MUZAFFARNAGAR_UTTAR PRADESH,2017.0,0.75
MUZAFFARNAGAR_UTTAR PRADESH,2018.0,0.6
MUZAFFARNAGAR_UTTAR PRADESH,2019.0,0.6
MUZAFFARNAGAR_UTTAR PRADESH,2020.0,0.65
MUZAFFARNAGAR_UTTAR PRADESH,2021.0,0.5
MUZAFFARNAGAR_UTTAR PRADESH,2022.0,0.6
MUZAFFARNAGAR_UTTAR PRADESH,2023.0,0.55
MUZAFFARNAGAR_UTTAR PRADESH,2024.0,0.6
MYSURU_KARNATAKA,2015.0,0.75
MYSURU_KARNATAKA,2016.0,0.5
MYSURU_KARNATAKA,2017.0,0.6
MYSURU_KARNATAKA,2018.0,0.6
MYSURU_KARNATAKA,2019.0,0.7
MYSURU_KARNATAKA,2020.0,0.4
MYSURU_KARNATAKA,2021.0,0.65
MYSURU_KARNATAKA,2022.0,0.6
MYSURU_KARNATAKA,2023.0,0.7
MYSURU_KARNATAKA,2024.0,0.6
NADIA_WEST BENGAL,2015.0,0.5
NADIA_WEST BENGAL,2016.0,0.6
NADIA_WEST BENGAL,2017.0,0.45
NADIA_WEST BENGAL,2018.0,0.65
NADIA_WEST BENGAL,2019.0,0.6
NADIA_WEST BENGAL,2020.0,0.7
NADIA_WEST BENGAL,2021.0,0.7
NADIA_WEST BENGAL,2022.0,0.75
NADIA_WEST BENGAL,2023.0,0.7
NADIA_WEST BENGAL,2024.0,0.7
NAGAUR_RAJASTHAN,2015.0,0.4
NAGAUR_RAJASTHAN,2016.0,0.4
NAGAUR_RAJASTHAN,2017.0,0.4
NAGAUR_RAJASTHAN,2018.0,0.4
NAGAUR_RAJASTHAN,2019.0,0.5
NAGAUR_RAJASTHAN,2020.0,0.2
NAGAUR_RAJASTHAN,2021.0,0.3
NAGAUR_RAJASTHAN,2022.0,0.4
NAGAUR_RAJASTHAN,2023.0,0.1
NAGAUR_RAJASTHAN,2024.0,0.4
NAGPUR_MAHARASHTRA,2015.0,0.55
NAGPUR_MAHARASHTRA,2016.0,0.65
NAGPUR_MAHARASHTRA,2017.0,0.55
NAGPUR_MAHARASHTRA,2018.0,0.65
NAGPUR_MAHARASHTRA,2019.0,0.6
NAGPUR_MAHARASHTRA,2020.0,0.65
NAGPUR_MAHARASHTRA,2021.0,0.6
NAGPUR_MAHARASHTRA,2022.0,0.6
NAGPUR_MAHARASHTRA,2023.0,0.7
NAGPUR_MAHARASHTRA,2024.0,0.6
NAINITAL_UTTARAKHAND,2015.0,0.65
NAINITAL_UTTARAKHAND,2016.0,0.45
NAINITAL_UTTARAKHAND,2017.0,0.65
NAINITAL_UTTARAKHAND,2018.0,0.4
NAINITAL_UTTARAKHAND,2019.0,0.6
NAINITAL_UTTARAKHAND,2020.0,0.6
NAINITAL_UTTARAKHAND,2021.0,0.7
NAINITAL_UTTARAKHAND,2022.0,0.6
NAINITAL_UTTARAKHAND,2023.0,0.6
NAINITAL_UTTARAKHAND,2024.0,0.7
NALANDA_BIHAR,2015.0,0.75
NALANDA_BIHAR,2016.0,0.8
NALANDA_BIHAR,2017.0,0.65
NALANDA_BIHAR,2018.0,0.75
NALANDA_BIHAR,2019.0,0.75
NALANDA_BIHAR,2020.0,0.55
NALANDA_BIHAR,2021.0,0.6
NALANDA_BIHAR,2022.0,0.45
NALANDA_BIHAR,2023.0,0.3
NALANDA_BIHAR,2024.0,0.4
NALGONDA_TELANGANA,2015.0,0.55
NALGONDA_TELANGANA,2016.0,0.55
NALGONDA_TELANGANA,2017.0,0.6
NALGONDA_TELANGANA,2018.0,0.6
NALGONDA_TELANGANA,2019.0,0.6
NALGONDA_TELANGANA,2020.0,0.5
NALGONDA_TELANGANA,2021.0,0.5
NALGONDA_TELANGANA,2022.0,0.55
NALGONDA_TELANGANA,2023.0,0.5
NALGONDA_TELANGANA,2024.0,0.5
NANDED_MAHARASHTRA,2015.0,0.8
NANDED_MAHARASHTRA,2016.0,0.65
NANDED_MAHARASHTRA,2017.0,0.6
NANDED_MAHARASHTRA,2018.0,0.7
NANDED_MAHARASHTRA,2019.0,0.75
NANDED_MAHARASHTRA,2020.0,0.75
NANDED_MAHARASHTRA,2021.0,0.7
NANDED_MAHARASHTRA,2022.0,0.8
NANDED_MAHARASHTRA,2023.0,0.65
NANDED_MAHARASHTRA,2024.0,0.7
NASHIK_MAHARASHTRA,2015.0,0.55
NASHIK_MAHARASHTRA,2016.0,0.8
NASHIK_MAHARASHTRA,2017.0,0.6
NASHIK_MAHARASHTRA,2018.0,0.7
NASHIK_MAHARASHTRA,2019.0,0.7
NASHIK_MAHARASHTRA,2020.0,0.65
NASHIK_MAHARASHTRA,2021.0,0.75
NASHIK_MAHARASHTRA,2022.0,0.7
NASHIK_MAHARASHTRA,2023.0,0.7
NASHIK_MAHARASHTRA,2024.0,0.75
NAVSARI_GUJARAT,2015.0,0.6
NAVSARI_GUJARAT,2016.0,0.7
NAVSARI_GUJARAT,2017.0,0.6
NAVSARI_GUJARAT,2018.0,0.5
NAVSARI_GUJARAT,2019.0,0.7
NAVSARI_GUJARAT,2020.0,0.7
NAVSARI_GUJARAT,2021.0,0.7
NAVSARI_GUJARAT,2022.0,0.65
NAVSARI_GUJARAT,2023.0,0.65
NAVSARI_GUJARAT,2024.0,0.6
NAWADA_BIHAR,2015.0,0.5
NAWADA_BIHAR,2016.0,0.7
NAWADA_BIHAR,2017.0,0.7
NAWADA_BIHAR,2018.0,0.6
NAWADA_BIHAR,2019.0,0.7
NAWADA_BIHAR,2020.0,0.6
NAWADA_BIHAR,2021.0,0.65
NAWADA_BIHAR,2022.0,0.5
NAWADA_BIHAR,2023.0,0.45
NAWADA_BIHAR,2024.0,0.6
NAYAGARH_ODISHA,2015.0,0.6
NAYAGARH_ODISHA,2016.0,0.6
NAYAGARH_ODISHA,2017.0,0.6
NAYAGARH_ODISHA,2018.0,0.45
NAYAGARH_ODISHA,2019.0,0.6
NAYAGARH_ODISHA,2020.0,0.45
NAYAGARH_ODISHA,2021.0,0.65
NAYAGARH_ODISHA,2022.0,0.65
NAYAGARH_ODISHA,2023.0,0.6
NAYAGARH_ODISHA,2024.0,0.65
NEEMUCH_MADHYA PRADESH,2015.0,0.6
NEEMUCH_MADHYA PRADESH,2016.0,0.6
NEEMUCH_MADHYA PRADESH,2017.0,0.5
NEEMUCH_MADHYA PRADESH,2018.0,0.3
NEEMUCH_MADHYA PRADESH,2019.0,0.55
NEEMUCH_MADHYA PRADESH,2020.0,0.5
NEEMUCH_MADHYA PRADESH,2021.0,0.5
NEEMUCH_MADHYA PRADESH,2022.0,0.6
NEEMUCH_MADHYA PRADESH,2023.0,0.6
NEEMUCH_MADHYA PRADESH,2024.0,0.6
PALAKKAD_KERALA,2015.0,0.5
PALAKKAD_KERALA,2016.0,0.5
PALAKKAD_KERALA,2017.0,0.6
PALAKKAD_KERALA,2018.0,0.5
PALAKKAD_KERALA,2019.0,0.45
PALAKKAD_KERALA,2020.0,0.5
PALAKKAD_KERALA,2021.0,0.45
PALAKKAD_KERALA,2022.0,0.5
PALAKKAD_KERALA,2023.0,0.35
PALAKKAD_KERALA,2024.0,0.6
PALAMU_JHARKHAND,2015.0,0.5
PALAMU_JHARKHAND,2016.0,0.6
PALAMU_JHARKHAND,2017.0,0.6
PALAMU_JHARKHAND,2018.0,0.65
PALAMU_JHARKHAND,2019.0,0.6
PALAMU_JHARKHAND,2020.0,0.7
PALAMU_JHARKHAND,2021.0,0.6
PALAMU_JHARKHAND,2022.0,0.65
PALAMU_JHARKHAND,2023.0,0.65
PALAMU_JHARKHAND,2024.0,0.65
PALI_RAJASTHAN,2015.0,0.35
PALI_RAJASTHAN,2016.0,0.45
PALI_RAJASTHAN,2017.0,0.55
PALI_RAJASTHAN,2018.0,0.4
PALI_RAJASTHAN,2019.0,0.4
PALI_RAJASTHAN,2020.0,0.3
PALI_RAJASTHAN,2021.0,0.3
PALI_RAJASTHAN,2022.0,0.4
PALI_RAJASTHAN,2023.0,0.5
PALI_RAJASTHAN,2024.0,0.55
PALWAL_HARYANA,2015.0,0.7
PALWAL_HARYANA,2016.0,0.6
PALWAL_HARYANA,2017.0,0.7
PALWAL_HARYANA,2018.0,0.6
PALWAL_HARYANA,2019.0,0.6
PALWAL_HARYANA,2020.0,0.65
PALWAL_HARYANA,2021.0,0.65
PALWAL_HARYANA,2022.0,0.7
PALWAL_HARYANA,2023.0,0.65
PALWAL_HARYANA,2024.0,0.65
PANCHKULA_HARYANA,2015.0,0.6
PANCHKULA_HARYANA,2016.0,0.5
PANCHKULA_HARYANA,2017.0,0.6
PANCHKULA_HARYANA,2018.0,0.6
PANCHKULA_HARYANA,2019.0,0.6
PANCHKULA_HARYANA,2020.0,0.65
PANCHKULA_HARYANA,2021.0,0.7
PANCHKULA_HARYANA,2022.0,0.7
PANCHKULA_HARYANA,2023.0,0.6
PANCHKULA_HARYANA,2024.0,0.7
PANIPAT_HARYANA,2015.0,0.8
PANIPAT_HARYANA,2016.0,0.5
PANIPAT_HARYANA,2017.0,0.6
PANIPAT_HARYANA,2018.0,0.6
PANIPAT_HARYANA,2019.0,0.55
PANIPAT_HARYANA,2020.0,0.6
PANIPAT_HARYANA,2021.0,0.6
PANIPAT_HARYANA,2022.0,0.6
PANIPAT_HARYANA,2023.0,0.6
PANIPAT_HARYANA,2024.0,0.5
PARBHANI_MAHARASHTRA,2015.0,0.6
PARBHANI_MAHARASHTRA,2016.0,0.7
PARBHANI_MAHARASHTRA,2017.0,0.5
PARBHANI_MAHARASHTRA,2018.0,0.7
PARBHANI_MAHARASHTRA,2019.0,0.7
PARBHANI_MAHARASHTRA,2020.0,0.75
PARBHANI_MAHARASHTRA,2021.0,0.6
PARBHANI_MAHARASHTRA,2022.0,0.5
PARBHANI_MAHARASHTRA,2023.0,0.6
PARBHANI_MAHARASHTRA,2024.0,0.7
PATAN_GUJARAT,2015.0,0.65
PATAN_GUJARAT,2016.0,0.7
PATAN_GUJARAT,2017.0,0.7
PATAN_GUJARAT,2018.0,0.8
PATAN_GUJARAT,2019.0,0.75
PATAN_GUJARAT,2020.0,0.65
PATAN_GUJARAT,2021.0,0.65
PATAN_GUJARAT,2022.0,0.75
PATAN_GUJARAT,2023.0,0.7
PATAN_GUJARAT,2024.0,0.7
PATHANAMTHITTA_KERALA,2015.0,0.5
PATHANAMTHITTA_KERALA,2016.0,0.4
PATHANAMTHITTA_KERALA,2017.0,0.5
PATHANAMTHITTA_KERALA,2018.0,0.4
PATHANAMTHITTA_KERALA,2019.0,0.45
PATHANAMTHITTA_KERALA,2020.0,0.35
PATHANAMTHITTA_KERALA,2021.0,0.45
PATHANAMTHITTA_KERALA,2022.0,0.55
PATHANAMTHITTA_KERALA,2023.0,0.4
PATHANAMTHITTA_KERALA,2024.0,0.6
PATIALA_PUNJAB,2015.0,0.55
PATIALA_PUNJAB,2016.0,0.65
PATIALA_PUNJAB,2017.0,0.55
PATIALA_PUNJAB,2018.0,0.6
PATIALA_PUNJAB,2019.0,0.6
PATIALA_PUNJAB,2020.0,0.6
PATIALA_PUNJAB,2021.0,0.7
PATIALA_PUNJAB,2022.0,0.6
PATIALA_PUNJAB,2023.0,0.35
PATIALA_PUNJAB,2024.0,0.6
PATNA_BIHAR,2015.0,0.6
PATNA_BIHAR,2016.0,0.75
PATNA_BIHAR,2017.0,0.65
PATNA_BIHAR,2018.0,0.65
PATNA_BIHAR,2019.0,0.8
PATNA_BIHAR,2020.0,0.6
PATNA_BIHAR,2021.0,0.8
PATNA_BIHAR,2022.0,0.6
PATNA_BIHAR,2023.0,0.45
PATNA_BIHAR,2024.0,0.6
PILIBHIT_UTTAR PRADESH,2015.0,0.75
PILIBHIT_UTTAR PRADESH,2016.0,0.55
PILIBHIT_UTTAR PRADESH,2017.0,0.55
PILIBHIT_UTTAR PRADESH,2018.0,0.6
PILIBHIT_UTTAR PRADESH,2019.0,0.7
PILIBHIT_UTTAR PRADESH,2020.0,0.6
PILIBHIT_UTTAR PRADESH,2021.0,0.5
PILIBHIT_UTTAR PRADESH,2022.0,0.6
PILIBHIT_UTTAR PRADESH,2023.0,0.55
PILIBHIT_UTTAR PRADESH,2024.0,0.7
PRAKASAM_ANDHRA PRADESH,2015.0,0.5
PRAKASAM_ANDHRA PRADESH,2016.0,0.4
PRAKASAM_ANDHRA PRADESH,2017.0,0.3
PRAKASAM_ANDHRA PRADESH,2018.0,0.3
PRAKASAM_ANDHRA PRADESH,2019.0,0.5
PRAKASAM_ANDHRA PRADESH,2020.0,0.4
PRAKASAM_ANDHRA PRADESH,2021.0,0.4
PRAKASAM_ANDHRA PRADESH,2022.0,0.3
PRAKASAM_ANDHRA PRADESH,2023.0,0.2
PRAKASAM_ANDHRA PRADESH,2024.0,0.5
PRATAPGARH_RAJASTHAN,2015.0,0.4
PRATAPGARH_RAJASTHAN,2016.0,0.4
PRATAPGARH_RAJASTHAN,2017.0,0.45
PRATAPGARH_RAJASTHAN,2018.0,0.3
PRATAPGARH_RAJASTHAN,2019.0,0.3
PRATAPGARH_RAJASTHAN,2020.0,0.4
PRATAPGARH_RAJASTHAN,2021.0,0.3
PRATAPGARH_RAJASTHAN,2022.0,0.4
PRATAPGARH_RAJASTHAN,2023.0,0.2
PRATAPGARH_RAJASTHAN,2024.0,0.2
PUDUKKOTTAI_TAMIL NADU,2015.0,0.3
PUDUKKOTTAI_TAMIL NADU,2016.0,0.3
PUDUKKOTTAI_TAMIL NADU,2017.0,0.2
PUDUKKOTTAI_TAMIL NADU,2018.0,0.1
PUDUKKOTTAI_TAMIL NADU,2019.0,0.4
PUDUKKOTTAI_TAMIL NADU,2020.0,0.3
PUDUKKOTTAI_TAMIL NADU,2021.0,0.3
PUDUKKOTTAI_TAMIL NADU,2022.0,0.4
PUDUKKOTTAI_TAMIL NADU,2023.0,0.3
PUDUKKOTTAI_TAMIL NADU,2024.0,0.3
PUNE_MAHARASHTRA,2015.0,0.8
PUNE_MAHARASHTRA,2016.0,0.7
PUNE_MAHARASHTRA,2017.0,0.8
PUNE_MAHARASHTRA,2018.0,0.55
PUNE_MAHARASHTRA,2019.0,0.8
PUNE_MAHARASHTRA,2020.0,0.75
PUNE_MAHARASHTRA,2021.0,0.8
PUNE_MAHARASHTRA,2022.0,0.75
PUNE_MAHARASHTRA,2023.0,0.55
PUNE_MAHARASHTRA,2024.0,0.8
PURI_ODISHA,2015.0,0.8
PURI_ODISHA,2016.0,0.7
PURI_ODISHA,2017.0,0.7
PURI_ODISHA,2018.0,0.6
PURI_ODISHA,2019.0,0.55
PURI_ODISHA,2020.0,0.6
PURI_ODISHA,2021.0,0.6
PURI_ODISHA,2022.0,0.6
PURI_ODISHA,2023.0,0.65
PURI_ODISHA,2024.0,0.7
RAICHUR_KARNATAKA,2015.0,0.6
RAICHUR_KARNATAKA,2016.0,0.3
RAICHUR_KARNATAKA,2017.0,0.4
RAICHUR_KARNATAKA,2018.0,0.2
RAICHUR_KARNATAKA,2019.0,0.2
RAICHUR_KARNATAKA,2020.0,0.3
RAICHUR_KARNATAKA,2021.0,0.4
RAICHUR_KARNATAKA,2022.0,0.4
RAICHUR_KARNATAKA,2023.0,0.3
RAICHUR_KARNATAKA,2024.0,0.4
RAIGARH_CHHATTISGARH,2015.0,0.6
RAIGARH_CHHATTISGARH,2016.0,0.6
RAIGARH_CHHATTISGARH,2017.0,0.6
RAIGARH_CHHATTISGARH,2018.0,0.4
RAIGARH_CHHATTISGARH,2019.0,0.6
RAIGARH_CHHATTISGARH,2020.0,0.5
RAIGARH_CHHATTISGARH,2021.0,0.4
RAIGARH_CHHATTISGARH,2022.0,0.4
RAIGARH_CHHATTISGARH,2023.0,0.5
RAIGARH_CHHATTISGARH,2024.0,0.4
RAIPUR_CHHATTISGARH,2015.0,0.4
RAIPUR_CHHATTISGARH,2016.0,0.45
RAIPUR_CHHATTISGARH,2017.0,0.1
RAIPUR_CHHATTISGARH,2018.0,0.3
RAIPUR_CHHATTISGARH,2019.0,0.4
RAIPUR_CHHATTISGARH,2020.0,0.3
RAIPUR_CHHATTISGARH,2021.0,0.5
RAIPUR_CHHATTISGARH,2022.0,0.3
RAIPUR_CHHATTISGARH,2023.0,0.4
RAIPUR_CHHATTISGARH,2024.0,0.4
RAISEN_MADHYA PRADESH,2015.0,0.6
RAISEN_MADHYA PRADESH,2016.0,0.65
RAISEN_MADHYA PRADESH,2017.0,0.5
RAISEN_MADHYA PRADESH,2018.0,0.2
RAISEN_MADHYA PRADESH,2019.0,0.45
RAISEN_MADHYA PRADESH,2020.0,0.5
RAISEN_MADHYA PRADESH,2021.0,0.4
RAISEN_MADHYA PRADESH,2022.0,0.6
RAISEN_MADHYA PRADESH,2023.0,0.7
RAISEN_MADHYA PRADESH,2024.0,0.6
RAJKOT_GUJARAT,2015.0,0.9
RAJKOT_GUJARAT,2016.0,0.7
RAJKOT_GUJARAT,2017.0,0.65
RAJKOT_GUJARAT,2018.0,0.6
RAJKOT_GUJARAT,2019.0,0.65
RAJKOT_GUJARAT,2020.0,0.7
RAJKOT_GUJARAT,2021.0,0.85
RAJKOT_GUJARAT,2022.0,0.7
RAJKOT_GUJARAT,2023.0,0.75
RAJKOT_GUJARAT,2024.0,0.7
RAJSAMAND_RAJASTHAN,2015.0,0.45
RAJSAMAND_RAJASTHAN,2016.0,0.4
RAJSAMAND_RAJASTHAN,2017.0,0.4
RAJSAMAND_RAJASTHAN,2018.0,0.5
RAJSAMAND_RAJASTHAN,2019.0,0.4
RAJSAMAND_RAJASTHAN,2020.0,0.3
RAJSAMAND_RAJASTHAN,2021.0,0.0
RAJSAMAND_RAJASTHAN,2022.0,0.3
RAJSAMAND_RAJASTHAN,2023.0,0.1
RAJSAMAND_RAJASTHAN,2024.0,0.2
RAMGARH_JHARKHAND,2015.0,0.55
RAMGARH_JHARKHAND,2016.0,0.6
RAMGARH_JHARKHAND,2017.0,0.6
RAMGARH_JHARKHAND,2018.0,0.55
RAMGARH_JHARKHAND,2019.0,0.65
RAMGARH_JHARKHAND,2020.0,0.5
RAMGARH_JHARKHAND,2021.0,0.5
RAMGARH_JHARKHAND,2022.0,0.5
RAMGARH_JHARKHAND,2023.0,0.65
RAMGARH_JHARKHAND,2024.0,0.7
RAMPUR_UTTAR PRADESH,2015.0,0.6
RAMPUR_UTTAR PRADESH,2016.0,0.6
RAMPUR_UTTAR PRADESH,2017.0,0.6
RAMPUR_UTTAR PRADESH,2018.0,0.5
RAMPUR_UTTAR PRADESH,2019.0,0.55
RAMPUR_UTTAR PRADESH,2020.0,0.65
RAMPUR_UTTAR PRADESH,2021.0,0.6
RAMPUR_UTTAR PRADESH,2022.0,0.55
RAMPUR_UTTAR PRADESH,2023.0,0.5
RAMPUR_UTTAR PRADESH,2024.0,0.5
RANCHI_JHARKHAND,2015.0,0.5
RANCHI_JHARKHAND,2016.0,0.5
RANCHI_JHARKHAND,2017.0,0.6
RANCHI_JHARKHAND,2018.0,0.6
RANCHI_JHARKHAND,2019.0,0.6
RANCHI_JHARKHAND,2020.0,0.6
RANCHI_JHARKHAND,2021.0,0.6
RANCHI_JHARKHAND,2022.0,0.6
RANCHI_JHARKHAND,2023.0,0.7
RANCHI_JHARKHAND,2024.0,0.6
RATLAM_MADHYA PRADESH,2015.0,0.5
RATLAM_MADHYA PRADESH,2016.0,0.6
RATLAM_MADHYA PRADESH,2017.0,0.55
RATLAM_MADHYA PRADESH,2018.0,0.4
RATLAM_MADHYA PRADESH,2019.0,0.55
RATLAM_MADHYA PRADESH,2020.0,0.4
RATLAM_MADHYA PRADESH,2021.0,0.45
RATLAM_MADHYA PRADESH,2022.0,0.65
RATLAM_MADHYA PRADESH,2023.0,0.6
RATLAM_MADHYA PRADESH,2024.0,0.6
RATNAGIRI_MAHARASHTRA,2015.0,0.7
RATNAGIRI_MAHARASHTRA,2016.0,0.7
RATNAGIRI_MAHARASHTRA,2017.0,0.6
RATNAGIRI_MAHARASHTRA,2018.0,0.6
RATNAGIRI_MAHARASHTRA,2019.0,0.7
RATNAGIRI_MAHARASHTRA,2020.0,0.75
RATNAGIRI_MAHARASHTRA,2021.0,0.85
RATNAGIRI_MAHARASHTRA,2022.0,0.65
RATNAGIRI_MAHARASHTRA,2023.0,0.7
RATNAGIRI_MAHARASHTRA,2024.0,0.8
RAYAGADA_ODISHA,2015.0,0.45
RAYAGADA_ODISHA,2016.0,0.6
RAYAGADA_ODISHA,2017.0,0.5
RAYAGADA_ODISHA,2018.0,0.55
RAYAGADA_ODISHA,2019.0,0.5
RAYAGADA_ODISHA,2020.0,0.6
RAYAGADA_ODISHA,2021.0,0.4
RAYAGADA_ODISHA,2022.0,0.3
RAYAGADA_ODISHA,2023.0,0.4
RAYAGADA_ODISHA,2024.0,0.6
REWARI_HARYANA,2015.0,0.6
REWARI_HARYANA,2016.0,0.85
REWARI_HARYANA,2017.0,0.8
REWARI_HARYANA,2018.0,0.6
REWARI_HARYANA,2019.0,0.8
REWARI_HARYANA,2020.0,0.75
REWARI_HARYANA,2021.0,0.8
REWARI_HARYANA,2022.0,0.8
REWARI_HARYANA,2023.0,0.75
REWARI_HARYANA,2024.0,0.75
REWA_MADHYA PRADESH,2015.0,0.6
REWA_MADHYA PRADESH,2016.0,0.65
REWA_MADHYA PRADESH,2017.0,0.65
REWA_MADHYA PRADESH,2018.0,0.4
REWA_MADHYA PRADESH,2019.0,0.5
REWA_MADHYA PRADESH,2020.0,0.45
REWA_MADHYA PRADESH,2021.0,0.5
REWA_MADHYA PRADESH,2022.0,0.6
REWA_MADHYA PRADESH,2023.0,0.45
REWA_MADHYA PRADESH,2024.0,0.6
ROHTAK_HARYANA,2015.0,0.6
ROHTAK_HARYANA,2016.0,0.55
ROHTAK_HARYANA,2017.0,0.6
ROHTAK_HARYANA,2018.0,0.6
ROHTAK_HARYANA,2019.0,0.65
ROHTAK_HARYANA,2020.0,0.6
ROHTAK_HARYANA,2021.0,0.7
ROHTAK_HARYANA,2022.0,0.65
ROHTAK_HARYANA,2023.0,0.5
ROHTAK_HARYANA,2024.0,0.7
SAGAR_MADHYA PRADESH,2015.0,0.5
SAGAR_MADHYA PRADESH,2016.0,0.6
SAGAR_MADHYA PRADESH,2017.0,0.55
SAGAR_MADHYA PRADESH,2018.0,0.35
SAGAR_MADHYA PRADESH,2019.0,0.6
SAGAR_MADHYA PRADESH,2020.0,0.6
SAGAR_MADHYA PRADESH,2021.0,0.4
SAGAR_MADHYA PRADESH,2022.0,0.65
SAGAR_MADHYA PRADESH,2023.0,0.7
SAGAR_MADHYA PRADESH,2024.0,0.7
SAHARANPUR_UTTAR PRADESH,2015.0,0.6
SAHARANPUR_UTTAR PRADESH,2016.0,0.5
SAHARANPUR_UTTAR PRADESH,2017.0,0.5
SAHARANPUR_UTTAR PRADESH,2018.0,0.7
SAHARANPUR_UTTAR PRADESH,2019.0,0.65
SAHARANPUR_UTTAR PRADESH,2020.0,0.55
SAHARANPUR_UTTAR PRADESH,2021.0,0.6
SAHARANPUR_UTTAR PRADESH,2022.0,0.65
SAHARANPUR_UTTAR PRADESH,2023.0,0.7
SAHARANPUR_UTTAR PRADESH,2024.0,0.65
SALEM_TAMIL NADU,2015.0,0.4
SALEM_TAMIL NADU,2016.0,0.5
SALEM_TAMIL NADU,2017.0,0.5
SALEM_TAMIL NADU,2018.0,0.5
SALEM_TAMIL NADU,2019.0,0.65
SALEM_TAMIL NADU,2020.0,0.5
SALEM_TAMIL NADU,2021.0,0.5
SALEM_TAMIL NADU,2022.0,0.6
SALEM_TAMIL NADU,2023.0,0.2
SALEM_TAMIL NADU,2024.0,0.5
SAMBALPUR_ODISHA,2015.0,0.65
SAMBALPUR_ODISHA,2016.0,0.6
SAMBALPUR_ODISHA,2017.0,0.6
SAMBALPUR_ODISHA,2018.0,0.45
SAMBALPUR_ODISHA,2019.0,0.65
SAMBALPUR_ODISHA,2020.0,0.4
SAMBALPUR_ODISHA,2021.0,0.4
SAMBALPUR_ODISHA,2022.0,0.5
SAMBALPUR_ODISHA,2023.0,0.4
SAMBALPUR_ODISHA,2024.0,0.65
SANGLI_MAHARASHTRA,2015.0,0.55
SANGLI_MAHARASHTRA,2016.0,0.6
SANGLI_MAHARASHTRA,2017.0,0.6
SANGLI_MAHARASHTRA,2018.0,0.7
SANGLI_MAHARASHTRA,2019.0,0.75
SANGLI_MAHARASHTRA,2020.0,0.7
SANGLI_MAHARASHTRA,2021.0,0.75
SANGLI_MAHARASHTRA,2022.0,0.7
SANGLI_MAHARASHTRA,2023.0,0.7
SANGLI_MAHARASHTRA,2024.0,0.75
SANGRUR_PUNJAB,2015.0,0.7
SANGRUR_PUNJAB,2016.0,0.6
SANGRUR_PUNJAB,2017.0,0.55
SANGRUR_PUNJAB,2018.0,0.7
SANGRUR_PUNJAB,2019.0,0.6
SANGRUR_PUNJAB,2020.0,0.7
SANGRUR_PUNJAB,2021.0,0.65
SANGRUR_PUNJAB,2022.0,0.55
SANGRUR_PUNJAB,2023.0,0.35
SANGRUR_PUNJAB,2024.0,0.6
SARAN_BIHAR,2015.0,0.5
SARAN_BIHAR,2016.0,0.7
SARAN_BIHAR,2017.0,0.7
SARAN_BIHAR,2018.0,0.65
SARAN_BIHAR,2019.0,0.7
SARAN_BIHAR,2020.0,0.65
SARAN_BIHAR,2021.0,0.6
SARAN_BIHAR,2022.0,0.55
SARAN_BIHAR,2023.0,0.55
SARAN_BIHAR,2024.0,0.6
SATARA_MAHARASHTRA,2015.0,0.75
SATARA_MAHARASHTRA,2016.0,0.8
SATARA_MAHARASHTRA,2017.0,0.7
SATARA_MAHARASHTRA,2018.0,0.6
SATARA_MAHARASHTRA,2019.0,0.7
SATARA_MAHARASHTRA,2020.0,0.8
SATARA_MAHARASHTRA,2021.0,0.75
SATARA_MAHARASHTRA,2022.0,0.8
SATARA_MAHARASHTRA,2023.0,0.75
SATARA_MAHARASHTRA,2024.0,0.7
SATNA_MADHYA PRADESH,2015.0,0.5
SATNA_MADHYA PRADESH,2016.0,0.6
SATNA_MADHYA PRADESH,2017.0,0.45
SATNA_MADHYA PRADESH,2018.0,0.6
SATNA_MADHYA PRADESH,2019.0,0.5
SATNA_MADHYA PRADESH,2020.0,0.4
SATNA_MADHYA PRADESH,2021.0,0.4
SATNA_MADHYA PRADESH,2022.0,0.45
SATNA_MADHYA PRADESH,2023.0,0.55
SATNA_MADHYA PRADESH,2024.0,0.6
SEHORE_MADHYA PRADESH,2015.0,0.6
SEHORE_MADHYA PRADESH,2016.0,0.6
SEHORE_MADHYA PRADESH,2017.0,0.4
SEHORE_MADHYA PRADESH,2018.0,0.3
SEHORE_MADHYA PRADESH,2019.0,0.65
SEHORE_MADHYA PRADESH,2020.0,0.65
SEHORE_MADHYA PRADESH,2021.0,0.65
SEHORE_MADHYA PRADESH,2022.0,0.6
SEHORE_MADHYA PRADESH,2023.0,0.6
SEHORE_MADHYA PRADESH,2024.0,0.6
SEONI_MADHYA PRADESH,2015.0,0.6
SEONI_MADHYA PRADESH,2016.0,0.6
SEONI_MADHYA PRADESH,2017.0,0.55
SEONI_MADHYA PRADESH,2018.0,0.4
SEONI_MADHYA PRADESH,2019.0,0.5
SEONI_MADHYA PRADESH,2020.0,0.0
SEONI_MADHYA PRADESH,2021.0,0.5
SEONI_MADHYA PRADESH,2022.0,0.4
SEONI_MADHYA PRADESH,2023.0,0.5
SEONI_MADHYA PRADESH,2024.0,0.5
SHAHJAHANPUR_UTTAR PRADESH,2015.0,0.65
SHAHJAHANPUR_UTTAR PRADESH,2016.0,0.7
SHAHJAHANPUR_UTTAR PRADESH,2017.0,0.65
SHAHJAHANPUR_UTTAR PRADESH,2018.0,0.7
SHAHJAHANPUR_UTTAR PRADESH,2019.0,0.7
SHAHJAHANPUR_UTTAR PRADESH,2020.0,0.7
SHAHJAHANPUR_UTTAR PRADESH,2021.0,0.6
SHAHJAHANPUR_UTTAR PRADESH,2022.0,0.55
SHAHJAHANPUR_UTTAR PRADESH,2023.0,0.65
SHAHJAHANPUR_UTTAR PRADESH,2024.0,0.7
SHAJAPUR_MADHYA PRADESH,2015.0,0.6
SHAJAPUR_MADHYA PRADESH,2016.0,0.65
SHAJAPUR_MADHYA PRADESH,2017.0,0.5
SHAJAPUR_MADHYA PRADESH,2018.0,0.4
SHAJAPUR_MADHYA PRADESH,2019.0,0.5
SHAJAPUR_MADHYA PRADESH,2020.0,0.4
SHAJAPUR_MADHYA PRADESH,2021.0,0.55
SHAJAPUR_MADHYA PRADESH,2022.0,0.6
SHAJAPUR_MADHYA PRADESH,2023.0,0.55
SHAJAPUR_MADHYA PRADESH,2024.0,0.6
SHEIKHPURA_BIHAR,2015.0,0.6
SHEIKHPURA_BIHAR,2016.0,0.7
SHEIKHPURA_BIHAR,2017.0,0.7
SHEIKHPURA_BIHAR,2018.0,0.6
SHEIKHPURA_BIHAR,2019.0,0.6
SHEIKHPURA_BIHAR,2020.0,0.6
SHEIKHPURA_BIHAR,2021.0,0.65
SHEIKHPURA_BIHAR,2022.0,0.5
SHEIKHPURA_BIHAR,2023.0,0.55
SHEIKHPURA_BIHAR,2024.0,0.6
SHIMLA_HIMACHAL PRADESH,2015.0,0.6
SHIMLA_HIMACHAL PRADESH,2016.0,0.55
SHIMLA_HIMACHAL PRADESH,2017.0,0.6
SHIMLA_HIMACHAL PRADESH,2018.0,0.45
SHIMLA_HIMACHAL PRADESH,2019.0,0.65
SHIMLA_HIMACHAL PRADESH,2020.0,0.5
SHIMLA_HIMACHAL PRADESH,2021.0,0.5
SHIMLA_HIMACHAL PRADESH,2022.0,0.55
SHIMLA_HIMACHAL PRADESH,2023.0,0.4
SHIMLA_HIMACHAL PRADESH,2024.0,0.5
SIKAR_RAJASTHAN,2015.0,0.6
SIKAR_RAJASTHAN,2016.0,0.6
SIKAR_RAJASTHAN,2017.0,0.6
SIKAR_RAJASTHAN,2018.0,0.6
SIKAR_RAJASTHAN,2019.0,0.6
SIKAR_RAJASTHAN,2020.0,0.4
SIKAR_RAJASTHAN,2021.0,0.7
SIKAR_RAJASTHAN,2022.0,0.65
SIKAR_RAJASTHAN,2023.0,0.6
SIKAR_RAJASTHAN,2024.0,0.6
SIRMAUR_HIMACHAL PRADESH,2015.0,0.55
SIRMAUR_HIMACHAL PRADESH,2016.0,0.45
SIRMAUR_HIMACHAL PRADESH,2017.0,0.7
SIRMAUR_HIMACHAL PRADESH,2018.0,0.35
SIRMAUR_HIMACHAL PRADESH,2019.0,0.7
SIRMAUR_HIMACHAL PRADESH,2020.0,0.5
SIRMAUR_HIMACHAL PRADESH,2021.0,0.5
SIRMAUR_HIMACHAL PRADESH,2022.0,0.6
SIRMAUR_HIMACHAL PRADESH,2023.0,0.4
SIRMAUR_HIMACHAL PRADESH,2024.0,0.5
SIRSA_HARYANA,2015.0,0.7
SIRSA_HARYANA,2016.0,0.7
SIRSA_HARYANA,2017.0,0.7
SIRSA_HARYANA,2018.0,0.8
SIRSA_HARYANA,2019.0,0.7
SIRSA_HARYANA,2020.0,0.6
SIRSA_HARYANA,2021.0,0.7
SIRSA_HARYANA,2022.0,0.8
SIRSA_HARYANA,2023.0,0.65
SIRSA_HARYANA,2024.0,0.7
SITAPUR_UTTAR PRADESH,2015.0,0.65
SITAPUR_UTTAR PRADESH,2016.0,0.55
SITAPUR_UTTAR PRADESH,2017.0,0.5
SITAPUR_UTTAR PRADESH,2018.0,0.6
SITAPUR_UTTAR PRADESH,2019.0,0.65
SITAPUR_UTTAR PRADESH,2020.0,0.65
SITAPUR_UTTAR PRADESH,2021.0,0.6
SITAPUR_UTTAR PRADESH,2022.0,0.65
SITAPUR_UTTAR PRADESH,2023.0,0.5
SITAPUR_UTTAR PRADESH,2024.0,0.55
SIWAN_BIHAR,2015.0,0.55
SIWAN_BIHAR,2016.0,0.55
SIWAN_BIHAR,2017.0,0.65
SIWAN_BIHAR,2018.0,0.8
SIWAN_BIHAR,2019.0,0.7
SIWAN_BIHAR,2020.0,0.8
SIWAN_BIHAR,2021.0,0.8
SIWAN_BIHAR,2022.0,0.65
SIWAN_BIHAR,2023.0,0.65
SIWAN_BIHAR,2024.0,0.6
SOLAN_HIMACHAL PRADESH,2015.0,0.7
SOLAN_HIMACHAL PRADESH,2016.0,0.65
SOLAN_HIMACHAL PRADESH,2017.0,0.55
SOLAN_HIMACHAL PRADESH,2018.0,0.45
SOLAN_HIMACHAL PRADESH,2019.0,0.6
SOLAN_HIMACHAL PRADESH,2020.0,0.6
SOLAN_HIMACHAL PRADESH,2021.0,0.6
SOLAN_HIMACHAL PRADESH,2022.0,0.6
SOLAN_HIMACHAL PRADESH,2023.0,0.7
SOLAN_HIMACHAL PRADESH,2024.0,0.7
SOLAPUR_MAHARASHTRA,2015.0,0.85
SOLAPUR_MAHARASHTRA,2016.0,0.95
SOLAPUR_MAHARASHTRA,2017.0,0.85
SOLAPUR_MAHARASHTRA,2018.0,0.6
SOLAPUR_MAHARASHTRA,2019.0,0.75
SOLAPUR_MAHARASHTRA,2020.0,0.8
SOLAPUR_MAHARASHTRA,2021.0,0.75
SOLAPUR_MAHARASHTRA,2022.0,0.75
SOLAPUR_MAHARASHTRA,2023.0,0.75
SOLAPUR_MAHARASHTRA,2024.0,0.8
SONIPAT_HARYANA,2015.0,0.8
SONIPAT_HARYANA,2016.0,0.8
SONIPAT_HARYANA,2017.0,0.65
SONIPAT_HARYANA,2018.0,0.65
SONIPAT_HARYANA,2019.0,0.7
SONIPAT_HARYANA,2020.0,0.65
SONIPAT_HARYANA,2021.0,0.6
SONIPAT_HARYANA,2022.0,0.6
SONIPAT_HARYANA,2023.0,0.5
SONIPAT_HARYANA,2024.0,0.6
SRIKAKULAM_ANDHRA PRADESH,2015.0,0.3
SRIKAKULAM_ANDHRA PRADESH,2016.0,0.3
SRIKAKULAM_ANDHRA PRADESH,2017.0,0.3
SRIKAKULAM_ANDHRA PRADESH,2018.0,0.5
SRIKAKULAM_ANDHRA PRADESH,2019.0,0.4
SRIKAKULAM_ANDHRA PRADESH,2020.0,0.3
SRIKAKULAM_ANDHRA PRADESH,2021.0,0.4
SRIKAKULAM_ANDHRA PRADESH,2022.0,0.2
SRIKAKULAM_ANDHRA PRADESH,2023.0,0.2
SRIKAKULAM_ANDHRA PRADESH,2024.0,0.3
SULTANPUR_UTTAR PRADESH,2015.0,0.6
SULTANPUR_UTTAR PRADESH,2016.0,0.55
SULTANPUR_UTTAR PRADESH,2017.0,0.7
SULTANPUR_UTTAR PRADESH,2018.0,0.6
SULTANPUR_UTTAR PRADESH,2019.0,0.6
SULTANPUR_UTTAR PRADESH,2020.0,0.65
SULTANPUR_UTTAR PRADESH,2021.0,0.55
SULTANPUR_UTTAR PRADESH,2022.0,0.5
SULTANPUR_UTTAR PRADESH,2023.0,0.4
SULTANPUR_UTTAR PRADESH,2024.0,0.5
SUNDARGARH_ODISHA,2015.0,0.6
SUNDARGARH_ODISHA,2016.0,0.45
SUNDARGARH_ODISHA,2017.0,0.65
SUNDARGARH_ODISHA,2018.0,0.6
SUNDARGARH_ODISHA,2019.0,0.45
SUNDARGARH_ODISHA,2020.0,0.2
SUNDARGARH_ODISHA,2021.0,0.1
SUNDARGARH_ODISHA,2022.0,0.4
SUNDARGARH_ODISHA,2023.0,0.4
SUNDARGARH_ODISHA,2024.0,0.5
SURAT_GUJARAT,2015.0,0.8
SURAT_GUJARAT,2016.0,0.7
SURAT_GUJARAT,2017.0,0.55
SURAT_GUJARAT,2018.0,0.6
SURAT_GUJARAT,2019.0,0.8
SURAT_GUJARAT,2020.0,0.7
SURAT_GUJARAT,2021.0,0.75
SURAT_GUJARAT,2022.0,0.7
SURAT_GUJARAT,2023.0,0.5
SURAT_GUJARAT,2024.0,0.6
SURENDRANAGAR_GUJARAT,2015.0,0.85
SURENDRANAGAR_GUJARAT,2016.0,0.7
SURENDRANAGAR_GUJARAT,2017.0,0.6
SURENDRANAGAR_GUJARAT,2018.0,0.4
SURENDRANAGAR_GUJARAT,2019.0,0.6
SURENDRANAGAR_GUJARAT,2020.0,0.55
SURENDRANAGAR_GUJARAT,2021.0,0.65
SURENDRANAGAR_GUJARAT,2022.0,0.6
SURENDRANAGAR_GUJARAT,2023.0,0.55
SURENDRANAGAR_GUJARAT,2024.0,0.7
THANE_MAHARASHTRA,2015.0,0.7
THANE_MAHARASHTRA,2016.0,0.7
THANE_MAHARASHTRA,2017.0,0.8
THANE_MAHARASHTRA,2018.0,0.5
THANE_MAHARASHTRA,2019.0,0.75
THANE_MAHARASHTRA,2020.0,0.8
THANE_MAHARASHTRA,2021.0,0.7
THANE_MAHARASHTRA,2022.0,0.8
THANE_MAHARASHTRA,2023.0,0.8
THANE_MAHARASHTRA,2024.0,0.8
THANJAVUR_TAMIL NADU,2015.0,0.3
THANJAVUR_TAMIL NADU,2016.0,0.1
THANJAVUR_TAMIL NADU,2017.0,0.4
THANJAVUR_TAMIL NADU,2018.0,0.3
THANJAVUR_TAMIL NADU,2019.0,0.4
THANJAVUR_TAMIL NADU,2020.0,0.3
THANJAVUR_TAMIL NADU,2021.0,0.3
THANJAVUR_TAMIL NADU,2022.0,0.2
THANJAVUR_TAMIL NADU,2023.0,0.2
THANJAVUR_TAMIL NADU,2024.0,0.3
THENI_TAMIL NADU,2015.0,0.5
THENI_TAMIL NADU,2016.0,0.4
THENI_TAMIL NADU,2017.0,0.65
THENI_TAMIL NADU,2018.0,0.65
THENI_TAMIL NADU,2019.0,0.6
THENI_TAMIL NADU,2020.0,0.6
THENI_TAMIL NADU,2021.0,0.6
THENI_TAMIL NADU,2022.0,0.6
THENI_TAMIL NADU,2023.0,0.4
THENI_TAMIL NADU,2024.0,0.45
THIRUVANANTHAPURAM_KERALA,2015.0,0.4
THIRUVANANTHAPURAM_KERALA,2016.0,0.4
THIRUVANANTHAPURAM_KERALA,2017.0,0.45
THIRUVANANTHAPURAM_KERALA,2018.0,0.2
THIRUVANANTHAPURAM_KERALA,2019.0,0.45
THIRUVANANTHAPURAM_KERALA,2020.0,0.4
THIRUVANANTHAPURAM_KERALA,2021.0,0.3
THIRUVANANTHAPURAM_KERALA,2022.0,0.4
THIRUVANANTHAPURAM_KERALA,2023.0,0.4
THIRUVANANTHAPURAM_KERALA,2024.0,0.4
THRISSUR_KERALA,2015.0,0.5
THRISSUR_KERALA,2016.0,0.65
THRISSUR_KERALA,2017.0,0.6
THRISSUR_KERALA,2018.0,0.45
THRISSUR_KERALA,2019.0,0.65
THRISSUR_KERALA,2020.0,0.5
THRISSUR_KERALA,2021.0,0.7
THRISSUR_KERALA,2022.0,0.65
THRISSUR_KERALA,2023.0,0.6
THRISSUR_KERALA,2024.0,0.6
TIRUCHIRAPPALLI_TAMIL NADU,2015.0,0.3
TIRUCHIRAPPALLI_TAMIL NADU,2016.0,0.3
TIRUCHIRAPPALLI_TAMIL NADU,2017.0,0.2
TIRUCHIRAPPALLI_TAMIL NADU,2018.0,0.4
TIRUCHIRAPPALLI_TAMIL NADU,2019.0,0.5
TIRUCHIRAPPALLI_TAMIL NADU,2020.0,0.4
TIRUCHIRAPPALLI_TAMIL NADU,2021.0,0.3
TIRUCHIRAPPALLI_TAMIL NADU,2022.0,0.3
TIRUCHIRAPPALLI_TAMIL NADU,2023.0,0.3
TIRUCHIRAPPALLI_TAMIL NADU,2024.0,0.3
TIRUNELVELI_TAMIL NADU,2015.0,0.2
TIRUNELVELI_TAMIL NADU,2016.0,0.2
TIRUNELVELI_TAMIL NADU,2017.0,0.4
TIRUNELVELI_TAMIL NADU,2018.0,0.5
TIRUNELVELI_TAMIL NADU,2019.0,0.4
TIRUNELVELI_TAMIL NADU,2020.0,0.3
TIRUNELVELI_TAMIL NADU,2021.0,0.4
TIRUNELVELI_TAMIL NADU,2022.0,0.3
TIRUNELVELI_TAMIL NADU,2023.0,0.4
TIRUNELVELI_TAMIL NADU,2024.0,0.5
TIRUPPUR_TAMIL NADU,2015.0,0.4
TIRUPPUR_TAMIL NADU,2016.0,0.1
TIRUPPUR_TAMIL NADU,2017.0,0.5
TIRUPPUR_TAMIL NADU,2018.0,0.3
TIRUPPUR_TAMIL NADU,2019.0,0.4
TIRUPPUR_TAMIL NADU,2020.0,0.3
TIRUPPUR_TAMIL NADU,2021.0,0.4
TIRUPPUR_TAMIL NADU,2022.0,0.5
TIRUPPUR_TAMIL NADU,2023.0,0.3
TIRUPPUR_TAMIL NADU,2024.0,0.4
UDAIPUR_RAJASTHAN,2015.0,0.5
UDAIPUR_RAJASTHAN,2016.0,0.5
UDAIPUR_RAJASTHAN,2017.0,0.6
UDAIPUR_RAJASTHAN,2018.0,0.5
UDAIPUR_RAJASTHAN,2019.0,0.5
UDAIPUR_RAJASTHAN,2020.0,0.5
UDAIPUR_RAJASTHAN,2021.0,0.4
UDAIPUR_RAJASTHAN,2022.0,0.5
UDAIPUR_RAJASTHAN,2023.0,0.5
UDAIPUR_RAJASTHAN,2024.0,0.5
UDHAMPUR_JAMMU AND KASHMIR,2015.0,0.7
UDHAMPUR_JAMMU AND KASHMIR,2016.0,0.5
UDHAMPUR_JAMMU AND KASHMIR,2017.0,0.6
UDHAMPUR_JAMMU AND KASHMIR,2018.0,0.7
UDHAMPUR_JAMMU AND KASHMIR,2019.0,0.55
UDHAMPUR_JAMMU AND KASHMIR,2020.0,0.6
UDHAMPUR_JAMMU AND KASHMIR,2021.0,0.65
UDHAMPUR_JAMMU AND KASHMIR,2022.0,0.6
UDHAMPUR_JAMMU AND KASHMIR,2023.0,0.45
UDHAMPUR_JAMMU AND KASHMIR,2024.0,0.6
UDUPI_KARNATAKA,2015.0,0.8
UDUPI_KARNATAKA,2016.0,0.6
UDUPI_KARNATAKA,2017.0,0.5
UDUPI_KARNATAKA,2018.0,0.8
UDUPI_KARNATAKA,2019.0,0.75
UDUPI_KARNATAKA,2020.0,0.6
UDUPI_KARNATAKA,2021.0,0.7
UDUPI_KARNATAKA,2022.0,0.7
UDUPI_KARNATAKA,2023.0,0.7
UDUPI_KARNATAKA,2024.0,0.75
UJJAIN_MADHYA PRADESH,2015.0,0.6
UJJAIN_MADHYA PRADESH,2016.0,0.55
UJJAIN_MADHYA PRADESH,2017.0,0.35
UJJAIN_MADHYA PRADESH,2018.0,0.2
UJJAIN_MADHYA PRADESH,2019.0,0.6
UJJAIN_MADHYA PRADESH,2020.0,0.5
UJJAIN_MADHYA PRADESH,2021.0,0.55
UJJAIN_MADHYA PRADESH,2022.0,0.6
UJJAIN_MADHYA PRADESH,2023.0,0.6
UJJAIN_MADHYA PRADESH,2024.0,0.65
UNA_HIMACHAL PRADESH,2015.0,0.5
UNA_HIMACHAL PRADESH,2016.0,0.45
UNA_HIMACHAL PRADESH,2017.0,0.6
UNA_HIMACHAL PRADESH,2018.0,0.5
UNA_HIMACHAL PRADESH,2019.0,0.6
UNA_HIMACHAL PRADESH,2020.0,0.55
UNA_HIMACHAL PRADESH,2021.0,0.55
UNA_HIMACHAL PRADESH,2022.0,0.65
UNA_HIMACHAL PRADESH,2023.0,0.45
UNA_HIMACHAL PRADESH,2024.0,0.6
UNNAO_UTTAR PRADESH,2015.0,0.6
UNNAO_UTTAR PRADESH,2016.0,0.75
UNNAO_UTTAR PRADESH,2017.0,0.55
UNNAO_UTTAR PRADESH,2018.0,0.65
UNNAO_UTTAR PRADESH,2019.0,0.6
UNNAO_UTTAR PRADESH,2020.0,0.55
UNNAO_UTTAR PRADESH,2021.0,0.6
UNNAO_UTTAR PRADESH,2022.0,0.6
UNNAO_UTTAR PRADESH,2023.0,0.6
UNNAO_UTTAR PRADESH,2024.0,0.6
VADODARA_GUJARAT,2015.0,0.65
VADODARA_GUJARAT,2016.0,0.85
VADODARA_GUJARAT,2017.0,0.75
VADODARA_GUJARAT,2018.0,0.65
VADODARA_GUJARAT,2019.0,0.7
VADODARA_GUJARAT,2020.0,0.7
VADODARA_GUJARAT,2021.0,0.7
VADODARA_GUJARAT,2022.0,0.75
VADODARA_GUJARAT,2023.0,0.7
VADODARA_GUJARAT,2024.0,0.65
VARANASI_UTTAR PRADESH,2015.0,0.7
VARANASI_UTTAR PRADESH,2016.0,0.7
VARANASI_UTTAR PRADESH,2017.0,0.6
VARANASI_UTTAR PRADESH,2018.0,0.5
VARANASI_UTTAR PRADESH,2019.0,0.6
VARANASI_UTTAR PRADESH,2020.0,0.6
VARANASI_UTTAR PRADESH,2021.0,0.5
VARANASI_UTTAR PRADESH,2022.0,0.6
VARANASI_UTTAR PRADESH,2023.0,0.65
VARANASI_UTTAR PRADESH,2024.0,0.6
VELLORE_TAMIL NADU,2015.0,0.0
VELLORE_TAMIL NADU,2016.0,0.3
VELLORE_TAMIL NADU,2017.0,0.65
VELLORE_TAMIL NADU,2018.0,0.4
VELLORE_TAMIL NADU,2019.0,0.5
VELLORE_TAMIL NADU,2020.0,0.1
VELLORE_TAMIL NADU,2021.0,0.2
VELLORE_TAMIL NADU,2022.0,0.3
VELLORE_TAMIL NADU,2023.0,0.3
VELLORE_TAMIL NADU,2024.0,0.2
VIDISHA_MADHYA PRADESH,2015.0,0.65
VIDISHA_MADHYA PRADESH,2016.0,0.6
VIDISHA_MADHYA PRADESH,2017.0,0.3
VIDISHA_MADHYA PRADESH,2018.0,0.4
VIDISHA_MADHYA PRADESH,2019.0,0.4
VIDISHA_MADHYA PRADESH,2020.0,0.4
VIDISHA_MADHYA PRADESH,2021.0,0.45
VIDISHA_MADHYA PRADESH,2022.0,0.6
VIDISHA_MADHYA PRADESH,2023.0,0.6
VIDISHA_MADHYA PRADESH,2024.0,0.6
VIJAYAPURA_CHHATTISGARH,2015.0,0.35
VIJAYAPURA_CHHATTISGARH,2016.0,0.5
VIJAYAPURA_CHHATTISGARH,2017.0,0.5
VIJAYAPURA_CHHATTISGARH,2018.0,0.5
VIJAYAPURA_CHHATTISGARH,2019.0,0.3
VIJAYAPURA_CHHATTISGARH,2020.0,0.3
VIJAYAPURA_CHHATTISGARH,2021.0,0.1
VIJAYAPURA_CHHATTISGARH,2022.0,0.5
VIJAYAPURA_CHHATTISGARH,2023.0,0.5
VIJAYAPURA_CHHATTISGARH,2024.0,0.5
VIZIANAGARAM_ANDHRA PRADESH,2015.0,0.3
VIZIANAGARAM_ANDHRA PRADESH,2016.0,0.2
VIZIANAGARAM_ANDHRA PRADESH,2017.0,0.2
VIZIANAGARAM_ANDHRA PRADESH,2018.0,0.0
VIZIANAGARAM_ANDHRA PRADESH,2019.0,0.1
VIZIANAGARAM_ANDHRA PRADESH,2020.0,0.3
VIZIANAGARAM_ANDHRA PRADESH,2021.0,0.2
VIZIANAGARAM_ANDHRA PRADESH,2022.0,0.2
VIZIANAGARAM_ANDHRA PRADESH,2023.0,0.3
VIZIANAGARAM_ANDHRA PRADESH,2024.0,0.1
WARANGAL_TELANGANA,2015.0,0.6
WARANGAL_TELANGANA,2016.0,0.5
WARANGAL_TELANGANA,2017.0,0.5
WARANGAL_TELANGANA,2018.0,0.65
WARANGAL_TELANGANA,2019.0,0.6
WARANGAL_TELANGANA,2020.0,0.45
WARANGAL_TELANGANA,2021.0,0.5
WARANGAL_TELANGANA,2022.0,0.45
WARANGAL_TELANGANA,2023.0,0.55
WARANGAL_TELANGANA,2024.0,0.4
WARDHA_MAHARASHTRA,2015.0,0.5
WARDHA_MAHARASHTRA,2016.0,0.6
WARDHA_MAHARASHTRA,2017.0,0.6
WARDHA_MAHARASHTRA,2018.0,0.6
WARDHA_MAHARASHTRA,2019.0,0.6
WARDHA_MAHARASHTRA,2020.0,0.75
WARDHA_MAHARASHTRA,2021.0,0.8
WARDHA_MAHARASHTRA,2022.0,0.7
WARDHA_MAHARASHTRA,2023.0,0.7
WARDHA_MAHARASHTRA,2024.0,0.65
WAYANAD_KERALA,2015.0,0.45
WAYANAD_KERALA,2016.0,0.4
WAYANAD_KERALA,2017.0,0.55
WAYANAD_KERALA,2018.0,0.4
WAYANAD_KERALA,2019.0,0.5
WAYANAD_KERALA,2020.0,0.5
WAYANAD_KERALA,2021.0,0.5
WAYANAD_KERALA,2022.0,0.5
WAYANAD_KERALA,2023.0,0.5
WAYANAD_KERALA,2024.0,0.3
YAMUNANAGAR_HARYANA,2015.0,0.75
YAMUNANAGAR_HARYANA,2016.0,0.5
YAMUNANAGAR_HARYANA,2017.0,0.7
YAMUNANAGAR_HARYANA,2018.0,0.5
YAMUNANAGAR_HARYANA,2019.0,0.75
YAMUNANAGAR_HARYANA,2020.0,0.6
YAMUNANAGAR_HARYANA,2021.0,0.75
YAMUNANAGAR_HARYANA,2022.0,0.8
YAMUNANAGAR_HARYANA,2023.0,0.5
YAMUNANAGAR_HARYANA,2024.0,0.8
YAVATMAL_MAHARASHTRA,2015.0,0.55
YAVATMAL_MAHARASHTRA,2016.0,0.7
YAVATMAL_MAHARASHTRA,2017.0,0.6
YAVATMAL_MAHARASHTRA,2018.0,0.7
YAVATMAL_MAHARASHTRA,2019.0,0.75
YAVATMAL_MAHARASHTRA,2020.0,0.8
YAVATMAL_MAHARASHTRA,2021.0,0.85
YAVATMAL_MAHARASHTRA,2022.0,0.7
YAVATMAL_MAHARASHTRA,2023.0,0.6
YAVATMAL_MAHARASHTRA,2024.0,0.65
